t,count,max,mean,min,stddev,p50,p75,p95,p98,p99,p999
1574464755,25,12,3.200000,2,1.892969,3.000000,3.000000,9.600000,12.000000,12.000000,12.000000
1574464756,49,7,2.791667,2,1.141287,2.500000,3.000000,6.250000,7.000000,7.000000,7.000000
1574464757,74,41,3.920000,1,7.745536,2.000000,3.000000,29.600000,41.000000,41.000000,41.000000
1574464758,98,3,2.000000,1,0.510754,2.000000,2.000000,3.000000,3.000000,3.000000,3.000000
1574464759,123,3,2.040000,1,0.351188,2.000000,2.000000,3.000000,3.000000,3.000000,3.000000
1574464760,147,3,2.375000,1,0.646899,2.000000,3.000000,3.000000,3.000000,3.000000,3.000000
1574464761,172,3,2.040000,1,0.538516,2.000000,2.000000,3.000000,3.000000,3.000000,3.000000
1574464762,197,2,1.800000,1,0.408248,2.000000,2.000000,2.000000,2.000000,2.000000,2.000000
1574464763,221,3,2.083333,2,0.282330,2.000000,2.000000,3.000000,3.000000,3.000000,3.000000
1574464764,246,3,1.920000,1,0.640312,2.000000,2.000000,3.000000,3.000000,3.000000,3.000000
1574464765,271,3,1.800000,1,0.577350,2.000000,2.000000,3.000000,3.000000,3.000000,3.000000
1574464766,295,8,2.500000,1,1.285369,2.000000,3.000000,6.750000,8.000000,8.000000,8.000000
1574464767,320,3,1.680000,1,0.556776,2.000000,2.000000,2.700000,3.000000,3.000000,3.000000
1574464768,345,3,1.920000,1,0.400000,2.000000,2.000000,2.700000,3.000000,3.000000,3.000000
1574464769,370,4,2.200000,1,0.707107,2.000000,3.000000,3.700000,4.000000,4.000000,4.000000
1574464770,394,19,2.916667,1,3.488075,2.000000,3.000000,15.000000,19.000000,19.000000,19.000000
1574464771,419,3,2.040000,1,0.611010,2.000000,2.000000,3.000000,3.000000,3.000000,3.000000
1574464772,443,3,2.041667,1,0.624094,2.000000,2.000000,3.000000,3.000000,3.000000,3.000000
1574464773,468,5,2.440000,1,0.869866,2.000000,3.000000,4.700000,5.000000,5.000000,5.000000
1574464774,493,7,3.400000,2,0.957427,3.000000,4.000000,6.100000,7.000000,7.000000,7.000000
1574464775,517,5,2.833333,2,0.761387,3.000000,3.000000,4.750000,5.000000,5.000000,5.000000
1574464776,542,3,2.160000,1,0.624500,2.000000,3.000000,3.000000,3.000000,3.000000,3.000000
1574464777,567,19,2.800000,1,3.415650,2.000000,2.500000,14.200000,19.000000,19.000000,19.000000
1574464778,591,3,2.208333,1,0.508977,2.000000,2.750000,3.000000,3.000000,3.000000,3.000000
1574464779,616,7,2.560000,2,1.083205,2.000000,3.000000,6.100000,7.000000,7.000000,7.000000
1574464780,641,3,1.840000,1,0.553775,2.000000,2.000000,3.000000,3.000000,3.000000,3.000000
1574464781,665,3,1.875000,1,0.612372,2.000000,2.000000,3.000000,3.000000,3.000000,3.000000
1574464782,690,3,2.000000,1,0.288675,2.000000,2.000000,2.700000,3.000000,3.000000,3.000000
1574464783,715,20,2.960000,2,3.576311,2.000000,3.000000,14.900000,20.000000,20.000000,20.000000
1574464784,739,2,1.875000,1,0.337832,2.000000,2.000000,2.000000,2.000000,2.000000,2.000000
1574464785,764,3,1.920000,1,0.493288,2.000000,2.000000,3.000000,3.000000,3.000000,3.000000
1574464786,789,11,2.560000,1,1.827567,2.000000,3.000000,8.600000,11.000000,11.000000,11.000000
1574464787,814,2,1.720000,1,0.458258,2.000000,2.000000,2.000000,2.000000,2.000000,2.000000
1574464788,838,2,1.416667,1,0.503610,1.000000,2.000000,2.000000,2.000000,2.000000,2.000000
1574464789,863,2,1.520000,1,0.509902,2.000000,2.000000,2.000000,2.000000,2.000000,2.000000
1574464790,888,2,1.760000,1,0.435890,2.000000,2.000000,2.000000,2.000000,2.000000,2.000000
1574464791,913,3,1.920000,1,0.493288,2.000000,2.000000,3.000000,3.000000,3.000000,3.000000
1574464792,937,7,2.375000,1,1.172604,2.000000,2.750000,6.250000,7.000000,7.000000,7.000000
1574464793,962,3,2.040000,1,0.351188,2.000000,2.000000,3.000000,3.000000,3.000000,3.000000
1574464794,987,3,1.720000,1,0.541603,2.000000,2.000000,2.700000,3.000000,3.000000,3.000000
1574464795,1011,2,1.708333,1,0.464306,2.000000,2.000000,2.000000,2.000000,2.000000,2.000000
1574464796,1036,3,2.040000,1,0.538516,2.000000,2.000000,3.000000,3.000000,3.000000,3.000000
1574464797,1061,4,2.920000,2,0.400000,3.000000,3.000000,3.700000,4.000000,4.000000,4.000000
1574464798,1085,3,2.333333,1,0.637022,2.000000,3.000000,3.000000,3.000000,3.000000,3.000000
1574464799,1110,3,1.640000,1,0.568624,2.000000,2.000000,2.700000,3.000000,3.000000,3.000000
1574464800,1135,4,2.040000,1,0.611010,2.000000,2.000000,3.700000,4.000000,4.000000,4.000000
1574464801,1160,32,2.960000,1,6.072342,2.000000,2.000000,23.300000,32.000000,32.000000,32.000000
1574464802,1184,2,1.833333,1,0.380693,2.000000,2.000000,2.000000,2.000000,2.000000,2.000000
1574464803,1209,3,1.640000,1,0.637704,2.000000,2.000000,3.000000,3.000000,3.000000,3.000000
1574464804,1234,2,1.640000,1,0.489898,2.000000,2.000000,2.000000,2.000000,2.000000,2.000000
1574464805,1259,3,1.680000,1,0.556776,2.000000,2.000000,2.700000,3.000000,3.000000,3.000000
1574464806,1283,3,2.000000,1,0.510754,2.000000,2.000000,3.000000,3.000000,3.000000,3.000000
1574464807,1308,3,1.720000,1,0.541603,2.000000,2.000000,2.700000,3.000000,3.000000,3.000000
1574464808,1333,6,2.360000,1,1.036018,2.000000,3.000000,5.400000,6.000000,6.000000,6.000000
1574464809,1357,7,2.583333,1,1.100066,2.000000,3.000000,6.000000,7.000000,7.000000,7.000000
1574464810,1382,17,3.640000,2,2.855988,3.000000,4.000000,13.100000,17.000000,17.000000,17.000000
1574464811,1407,14,3.320000,2,2.357965,3.000000,4.000000,11.000000,14.000000,14.000000,14.000000
1574464812,1432,3,1.880000,1,0.525991,2.000000,2.000000,3.000000,3.000000,3.000000,3.000000
1574464813,1456,2,1.666667,1,0.481543,2.000000,2.000000,2.000000,2.000000,2.000000,2.000000
1574464814,1481,2,1.720000,1,0.458258,2.000000,2.000000,2.000000,2.000000,2.000000,2.000000
1574464815,1506,3,1.960000,1,0.611010,2.000000,2.000000,3.000000,3.000000,3.000000,3.000000
1574464816,1530,3,1.916667,1,0.583592,2.000000,2.000000,3.000000,3.000000,3.000000,3.000000
1574464817,1555,2,1.760000,1,0.435890,2.000000,2.000000,2.000000,2.000000,2.000000,2.000000
1574464818,1580,3,2.080000,1,0.493288,2.000000,2.000000,3.000000,3.000000,3.000000,3.000000
1574464819,1605,22,3.040000,1,3.984135,2.000000,3.000000,16.300000,22.000000,22.000000,22.000000
1574464820,1629,7,2.000000,1,1.215838,2.000000,2.000000,6.000000,7.000000,7.000000,7.000000
1574464821,1654,2,1.520000,1,0.509902,2.000000,2.000000,2.000000,2.000000,2.000000,2.000000
1574464822,1679,2,1.640000,1,0.489898,2.000000,2.000000,2.000000,2.000000,2.000000,2.000000
1574464823,1704,2,1.560000,1,0.506623,2.000000,2.000000,2.000000,2.000000,2.000000,2.000000
1574464824,1728,19,2.708333,1,3.519871,2.000000,2.000000,15.000000,19.000000,19.000000,19.000000
1574464825,1753,10,2.560000,1,1.660321,2.000000,3.000000,7.900000,10.000000,10.000000,10.000000
1574464826,1778,3,2.200000,1,0.577350,2.000000,3.000000,3.000000,3.000000,3.000000,3.000000
1574464827,1803,9,2.800000,2,1.414214,3.000000,3.000000,7.500000,9.000000,9.000000,9.000000
1574464828,1827,4,3.000000,2,0.659380,3.000000,3.000000,4.000000,4.000000,4.000000,4.000000
1574464829,1852,14,2.720000,1,2.424184,2.000000,3.000000,11.000000,14.000000,14.000000,14.000000
1574464830,1877,27,3.080000,2,4.990992,2.000000,2.000000,19.800000,27.000000,27.000000,27.000000
1574464831,1902,3,1.920000,1,0.640312,2.000000,2.000000,3.000000,3.000000,3.000000,3.000000
1574464832,1926,14,2.708333,1,2.475606,2.000000,3.000000,11.250000,14.000000,14.000000,14.000000
1574464833,1951,12,2.040000,1,2.130728,2.000000,2.000000,9.000000,12.000000,12.000000,12.000000
1574464834,1976,3,1.840000,1,0.472582,2.000000,2.000000,2.700000,3.000000,3.000000,3.000000
1574464835,2001,9,2.320000,1,1.519868,2.000000,2.500000,7.200000,9.000000,9.000000,9.000000
1574464836,2025,3,2.083333,1,0.408248,2.000000,2.000000,3.000000,3.000000,3.000000,3.000000
1574464837,2050,3,1.880000,1,0.439697,2.000000,2.000000,2.700000,3.000000,3.000000,3.000000
1574464838,2075,9,2.160000,1,1.518771,2.000000,2.000000,7.200000,9.000000,9.000000,9.000000
1574464839,2099,25,3.333333,2,4.696591,2.000000,3.000000,20.250000,25.000000,25.000000,25.000000
1574464840,2124,10,2.840000,2,1.572683,3.000000,3.000000,7.900000,10.000000,10.000000,10.000000
1574464841,2149,3,2.160000,1,0.624500,2.000000,3.000000,3.000000,3.000000,3.000000,3.000000
1574464842,2174,22,3.160000,1,3.986226,2.000000,3.000000,16.600000,22.000000,22.000000,22.000000
1574464843,2198,3,2.291667,1,0.550033,2.000000,3.000000,3.000000,3.000000,3.000000,3.000000
1574464844,2223,5,3.280000,1,1.100000,4.000000,4.000000,5.000000,5.000000,5.000000,5.000000
1574464845,2248,11,3.560000,2,1.781385,3.000000,4.000000,9.200000,11.000000,11.000000,11.000000
1574464846,2273,26,4.280000,2,4.578209,3.000000,4.000000,19.700000,26.000000,26.000000,26.000000
1574464847,2297,4,2.958333,1,0.954585,3.000000,4.000000,4.000000,4.000000,4.000000,4.000000
1574464848,2322,4,2.400000,1,0.707107,2.000000,3.000000,4.000000,4.000000,4.000000,4.000000
1574464849,2347,25,3.040000,1,4.605070,2.000000,2.500000,18.400000,25.000000,25.000000,25.000000
1574464850,2372,26,3.160000,1,4.793051,2.000000,3.000000,19.100000,26.000000,26.000000,26.000000
1574464851,2396,4,2.166667,1,0.816497,2.000000,3.000000,3.750000,4.000000,4.000000,4.000000
1574464852,2421,3,2.000000,1,0.500000,2.000000,2.000000,3.000000,3.000000,3.000000,3.000000
1574464853,2446,19,3.440000,1,3.342654,3.000000,3.500000,14.500000,19.000000,19.000000,19.000000
1574464854,2470,28,4.250000,2,5.084076,3.000000,4.000000,22.000000,28.000000,28.000000,28.000000
1574464855,2495,7,3.320000,2,0.988264,3.000000,4.000000,6.100000,7.000000,7.000000,7.000000
1574464856,2520,4,2.920000,2,0.759386,3.000000,3.500000,4.000000,4.000000,4.000000,4.000000
1574464857,2545,29,4.280000,2,5.184271,3.000000,4.000000,21.500000,29.000000,29.000000,29.000000
1574464858,2569,28,3.791667,2,5.200160,3.000000,3.000000,22.000000,28.000000,28.000000,28.000000
1574464859,2594,3,2.000000,1,0.408248,2.000000,2.000000,3.000000,3.000000,3.000000,3.000000
1574464860,2619,12,2.600000,1,2.020726,2.000000,3.000000,9.300000,12.000000,12.000000,12.000000
1574464861,2644,10,2.880000,2,1.563117,3.000000,3.000000,7.900000,10.000000,10.000000,10.000000
1574464862,2668,19,3.458333,2,3.348967,3.000000,3.000000,15.250000,19.000000,19.000000,19.000000
1574464863,2693,4,2.840000,1,0.553775,3.000000,3.000000,3.700000,4.000000,4.000000,4.000000
1574464864,2718,24,3.160000,1,4.412860,2.000000,3.000000,18.000000,24.000000,24.000000,24.000000
1574464865,2743,14,3.160000,2,2.374868,3.000000,3.000000,11.000000,14.000000,14.000000,14.000000
1574464866,2767,13,5.541667,3,1.744037,5.000000,6.000000,11.250000,13.000000,13.000000,13.000000
1574464867,2792,5,3.400000,2,0.957427,3.000000,4.000000,5.000000,5.000000,5.000000,5.000000
1574464868,2817,30,3.800000,1,5.492419,3.000000,3.000000,22.200000,30.000000,30.000000,30.000000
1574464869,2842,16,4.840000,3,2.511308,5.000000,5.000000,13.000000,16.000000,16.000000,16.000000
1574464870,2866,7,5.541667,4,0.721060,5.500000,6.000000,7.000000,7.000000,7.000000,7.000000
1574464871,2891,28,5.760000,3,4.772141,5.000000,6.000000,21.700000,28.000000,28.000000,28.000000
1574464872,2916,14,5.040000,3,2.071232,5.000000,5.000000,11.600000,14.000000,14.000000,14.000000
1574464873,2941,4,2.760000,1,0.969536,3.000000,4.000000,4.000000,4.000000,4.000000,4.000000
1574464874,2965,4,2.916667,2,0.653863,3.000000,3.000000,4.000000,4.000000,4.000000,4.000000
1574464875,2990,18,3.160000,2,3.144837,3.000000,3.000000,13.800000,18.000000,18.000000,18.000000
1574464876,3015,9,3.080000,2,1.469694,3.000000,3.000000,7.800000,9.000000,9.000000,9.000000
1574464877,3040,4,2.200000,1,0.912871,2.000000,3.000000,4.000000,4.000000,4.000000,4.000000
1574464878,3064,5,3.583333,2,0.829702,4.000000,4.000000,5.000000,5.000000,5.000000,5.000000
1574464879,3089,23,4.200000,2,3.979112,3.000000,4.000000,17.600000,23.000000,23.000000,23.000000
1574464880,3114,28,3.600000,2,5.123475,3.000000,3.000000,20.800000,28.000000,28.000000,28.000000
1574464881,3139,3,2.040000,1,0.611010,2.000000,2.000000,3.000000,3.000000,3.000000,3.000000
1574464882,3163,20,3.041667,1,3.700519,2.000000,3.000000,16.000000,20.000000,20.000000,20.000000
1574464883,3188,14,2.480000,1,2.485290,2.000000,2.500000,10.700000,14.000000,14.000000,14.000000
1574464884,3213,2,1.520000,1,0.509902,2.000000,2.000000,2.000000,2.000000,2.000000,2.000000
1574464885,3238,27,2.680000,1,5.104900,2.000000,2.000000,19.800000,27.000000,27.000000,27.000000
1574464886,3262,3,2.416667,1,0.583592,2.000000,3.000000,3.000000,3.000000,3.000000,3.000000
1574464887,3287,6,3.000000,2,0.912871,3.000000,3.000000,5.400000,6.000000,6.000000,6.000000
1574464888,3312,2,1.720000,1,0.458258,2.000000,2.000000,2.000000,2.000000,2.000000,2.000000
1574464889,3337,24,2.960000,1,4.448595,2.000000,3.000000,18.000000,24.000000,24.000000,24.000000
1574464890,3361,3,2.041667,1,0.550033,2.000000,2.000000,3.000000,3.000000,3.000000,3.000000
1574464891,3386,3,2.080000,1,0.571548,2.000000,2.000000,3.000000,3.000000,3.000000,3.000000
1574464892,3411,19,2.440000,1,3.489030,2.000000,2.000000,14.200000,19.000000,19.000000,19.000000
1574464893,3436,19,2.320000,1,3.508561,2.000000,2.000000,13.900000,19.000000,19.000000,19.000000
1574464894,3460,2,1.666667,1,0.481543,2.000000,2.000000,2.000000,2.000000,2.000000,2.000000
1574464895,3485,18,2.200000,1,3.329164,2.000000,2.000000,13.200000,18.000000,18.000000,18.000000
1574464896,3510,3,2.200000,1,0.500000,2.000000,2.500000,3.000000,3.000000,3.000000,3.000000
1574464897,3535,2,1.560000,1,0.506623,2.000000,2.000000,2.000000,2.000000,2.000000,2.000000
1574464898,3559,5,1.708333,1,0.858673,2.000000,2.000000,4.250000,5.000000,5.000000,5.000000
1574464899,3584,6,1.840000,1,1.027943,2.000000,2.000000,5.100000,6.000000,6.000000,6.000000
1574464900,3609,3,1.880000,1,0.600000,2.000000,2.000000,3.000000,3.000000,3.000000,3.000000
1574464901,3634,3,2.120000,1,0.665833,2.000000,3.000000,3.000000,3.000000,3.000000,3.000000
1574464902,3658,3,1.875000,1,0.536697,2.000000,2.000000,3.000000,3.000000,3.000000,3.000000
1574464903,3683,6,3.240000,2,1.267544,3.000000,4.000000,5.700000,6.000000,6.000000,6.000000
1574464904,3708,6,4.000000,3,0.957427,4.000000,5.000000,5.700000,6.000000,6.000000,6.000000
1574464905,3733,23,2.720000,1,4.277071,2.000000,2.000000,17.000000,23.000000,23.000000,23.000000
1574464906,3757,3,1.875000,1,0.740887,2.000000,2.000000,3.000000,3.000000,3.000000,3.000000
1574464907,3782,13,4.440000,2,2.103172,4.000000,5.000000,10.900000,13.000000,13.000000,13.000000
1574464908,3807,5,3.400000,2,0.763763,3.000000,4.000000,5.000000,5.000000,5.000000,5.000000
1574464909,3831,4,2.250000,1,0.675664,2.000000,3.000000,3.750000,4.000000,4.000000,4.000000
1574464910,3856,3,2.240000,1,0.723418,2.000000,3.000000,3.000000,3.000000,3.000000,3.000000
1574464911,3881,26,3.000000,1,4.830459,2.000000,2.500000,19.100000,26.000000,26.000000,26.000000
1574464912,3906,18,2.440000,1,3.305047,2.000000,2.000000,13.500000,18.000000,18.000000,18.000000
1574464913,3931,3,2.160000,1,0.472582,2.000000,2.000000,3.000000,3.000000,3.000000,3.000000
1574464914,3955,20,3.083333,1,3.646519,2.000000,3.000000,15.750000,20.000000,20.000000,20.000000
1574464915,3980,4,2.640000,2,0.568624,3.000000,3.000000,3.700000,4.000000,4.000000,4.000000
1574464916,4005,3,1.960000,1,0.351188,2.000000,2.000000,2.700000,3.000000,3.000000,3.000000
1574464917,4030,6,2.200000,1,1.040833,2.000000,3.000000,5.100000,6.000000,6.000000,6.000000
1574464918,4054,9,2.125000,1,1.569062,2.000000,2.000000,7.500000,9.000000,9.000000,9.000000
1574464919,4079,2,1.520000,1,0.509902,2.000000,2.000000,2.000000,2.000000,2.000000,2.000000
1574464920,4104,4,1.560000,1,0.711805,1.000000,2.000000,3.400000,4.000000,4.000000,4.000000
1574464921,4129,3,1.840000,1,0.472582,2.000000,2.000000,2.700000,3.000000,3.000000,3.000000
1574464922,4153,2,1.750000,1,0.442326,2.000000,2.000000,2.000000,2.000000,2.000000,2.000000
1574464923,4178,3,2.160000,1,0.624500,2.000000,3.000000,3.000000,3.000000,3.000000,3.000000
1574464924,4203,2,1.640000,1,0.489898,2.000000,2.000000,2.000000,2.000000,2.000000,2.000000
1574464925,4228,2,1.800000,1,0.408248,2.000000,2.000000,2.000000,2.000000,2.000000,2.000000
1574464926,4252,3,1.916667,1,0.583592,2.000000,2.000000,3.000000,3.000000,3.000000,3.000000
1574464927,4277,3,2.000000,1,0.645497,2.000000,2.000000,3.000000,3.000000,3.000000,3.000000
1574464928,4302,8,1.920000,1,1.351542,2.000000,2.000000,6.200000,8.000000,8.000000,8.000000
1574464929,4327,5,1.680000,1,0.852447,2.000000,2.000000,4.100000,5.000000,5.000000,5.000000
1574464930,4351,2,1.666667,1,0.481543,2.000000,2.000000,2.000000,2.000000,2.000000,2.000000
1574464931,4376,15,3.880000,2,2.386071,3.000000,4.000000,11.700000,15.000000,15.000000,15.000000
1574464932,4401,29,3.080000,1,5.430776,2.000000,2.000000,21.200000,29.000000,29.000000,29.000000
1574464933,4426,2,1.560000,1,0.506623,2.000000,2.000000,2.000000,2.000000,2.000000,2.000000
1574464934,4450,2,1.666667,1,0.481543,2.000000,2.000000,2.000000,2.000000,2.000000,2.000000
1574464935,4475,4,1.880000,1,0.665833,2.000000,2.000000,3.700000,4.000000,4.000000,4.000000
1574464936,4500,2,1.640000,1,0.489898,2.000000,2.000000,2.000000,2.000000,2.000000,2.000000
1574464937,4525,6,2.400000,2,0.912871,2.000000,2.500000,5.400000,6.000000,6.000000,6.000000
1574464938,4549,22,2.583333,1,4.169419,2.000000,2.000000,17.250000,22.000000,22.000000,22.000000
1574464939,4574,3,1.960000,1,0.538516,2.000000,2.000000,3.000000,3.000000,3.000000,3.000000
1574464940,4599,9,2.360000,1,1.496663,2.000000,2.500000,7.200000,9.000000,9.000000,9.000000
1574464941,4624,4,2.480000,1,0.653197,2.000000,3.000000,3.700000,4.000000,4.000000,4.000000
1574464942,4648,9,2.291667,1,1.545798,2.000000,2.000000,7.500000,9.000000,9.000000,9.000000
1574464943,4673,9,2.400000,1,1.500000,2.000000,3.000000,7.200000,9.000000,9.000000,9.000000
1574464944,4698,3,2.080000,1,0.571548,2.000000,2.000000,3.000000,3.000000,3.000000,3.000000
1574464945,4723,3,1.880000,1,0.600000,2.000000,2.000000,3.000000,3.000000,3.000000,3.000000
1574464946,4747,11,2.250000,1,1.916745,2.000000,2.000000,9.000000,11.000000,11.000000,11.000000
1574464947,4772,3,2.000000,1,0.500000,2.000000,2.000000,3.000000,3.000000,3.000000,3.000000
1574464948,4797,11,2.240000,1,1.877054,2.000000,2.000000,8.600000,11.000000,11.000000,11.000000
1574464949,4822,10,1.960000,1,1.743560,2.000000,2.000000,7.600000,10.000000,10.000000,10.000000
1574464950,4846,2,1.416667,1,0.503610,1.000000,2.000000,2.000000,2.000000,2.000000,2.000000
1574464951,4871,12,2.120000,1,2.107922,2.000000,2.000000,9.000000,12.000000,12.000000,12.000000
1574464952,4896,4,2.720000,1,0.842615,3.000000,3.000000,4.000000,4.000000,4.000000,4.000000
1574464953,4921,6,2.720000,2,0.979796,2.000000,3.000000,5.400000,6.000000,6.000000,6.000000
1574464954,4945,32,2.958333,1,6.209944,2.000000,2.000000,24.750000,32.000000,32.000000,32.000000
1574464955,4970,5,2.600000,1,1.040833,3.000000,3.000000,4.700000,5.000000,5.000000,5.000000
1574464956,4995,3,1.720000,1,0.541603,2.000000,2.000000,2.700000,3.000000,3.000000,3.000000
1574464957,5020,8,2.680000,2,1.281926,2.000000,3.000000,6.800000,8.000000,8.000000,8.000000
1574464958,5044,2,1.541667,1,0.508977,2.000000,2.000000,2.000000,2.000000,2.000000,2.000000
1574464959,5069,22,2.680000,1,4.069398,2.000000,2.000000,16.600000,22.000000,22.000000,22.000000
1574464960,5094,3,1.640000,1,0.568624,2.000000,2.000000,2.700000,3.000000,3.000000,3.000000
1574464961,5119,12,2.280000,1,2.092048,2.000000,2.000000,9.300000,12.000000,12.000000,12.000000
1574464962,5143,11,2.166667,1,1.970801,2.000000,2.000000,9.000000,11.000000,11.000000,11.000000
1574464963,5168,4,2.520000,1,0.653197,3.000000,3.000000,3.700000,4.000000,4.000000,4.000000
1574464964,5193,8,1.960000,1,1.368698,2.000000,2.000000,6.500000,8.000000,8.000000,8.000000
1574464965,5218,11,2.400000,1,1.870829,2.000000,2.000000,8.600000,11.000000,11.000000,11.000000
1574464966,5242,2,1.916667,1,0.282330,2.000000,2.000000,2.000000,2.000000,2.000000,2.000000
1574464967,5267,8,1.880000,1,1.363818,2.000000,2.000000,6.200000,8.000000,8.000000,8.000000
1574464968,5292,3,1.800000,1,0.500000,2.000000,2.000000,2.700000,3.000000,3.000000,3.000000
1574464969,5317,4,2.040000,1,0.611010,2.000000,2.000000,3.700000,4.000000,4.000000,4.000000
1574464970,5341,10,2.375000,1,1.689160,2.000000,2.000000,8.250000,10.000000,10.000000,10.000000
1574464971,5366,4,2.640000,2,0.700000,3.000000,3.000000,4.000000,4.000000,4.000000,4.000000
1574464972,5391,24,3.480000,1,4.398106,3.000000,3.000000,18.300000,24.000000,24.000000,24.000000
1574464973,5416,5,3.200000,1,1.000000,3.000000,4.000000,5.000000,5.000000,5.000000,5.000000
1574464974,5440,4,2.958333,2,0.624094,3.000000,3.000000,4.000000,4.000000,4.000000,4.000000
1574464975,5465,3,2.000000,1,0.577350,2.000000,2.000000,3.000000,3.000000,3.000000,3.000000
1574464976,5490,3,2.080000,1,0.759386,2.000000,3.000000,3.000000,3.000000,3.000000,3.000000
1574464977,5515,15,2.120000,1,2.728247,2.000000,2.000000,11.100000,15.000000,15.000000,15.000000
1574464978,5539,4,2.333333,1,0.816497,2.000000,3.000000,4.000000,4.000000,4.000000,4.000000
1574464979,5564,15,2.520000,1,2.647640,2.000000,2.000000,11.400000,15.000000,15.000000,15.000000
1574464980,5589,8,2.720000,1,1.429452,3.000000,3.000000,6.800000,8.000000,8.000000,8.000000
1574464981,5614,5,3.080000,1,0.996661,3.000000,4.000000,4.700000,5.000000,5.000000,5.000000
1574464982,5638,9,1.958333,1,1.627993,2.000000,2.000000,7.500000,9.000000,9.000000,9.000000
1574464983,5663,14,2.440000,1,2.583280,2.000000,2.000000,11.000000,14.000000,14.000000,14.000000
1574464984,5688,4,2.640000,1,0.757188,3.000000,3.000000,4.000000,4.000000,4.000000,4.000000
1574464985,5713,6,3.800000,2,0.866025,4.000000,4.000000,5.700000,6.000000,6.000000,6.000000
1574464986,5737,4,2.416667,1,0.717282,2.000000,3.000000,3.750000,4.000000,4.000000,4.000000
1574464987,5762,15,2.080000,1,2.752575,2.000000,2.000000,11.400000,15.000000,15.000000,15.000000
1574464988,5787,4,2.240000,1,0.879394,2.000000,3.000000,4.000000,4.000000,4.000000,4.000000
1574464989,5812,8,2.120000,1,1.332917,2.000000,2.000000,6.500000,8.000000,8.000000,8.000000
1574464990,5836,14,3.333333,2,2.315668,3.000000,3.000000,11.500000,14.000000,14.000000,14.000000
1574464991,5861,4,3.360000,3,0.489898,3.000000,4.000000,4.000000,4.000000,4.000000,4.000000
1574464992,5886,23,3.080000,1,4.192454,2.000000,3.000000,17.000000,23.000000,23.000000,23.000000
1574464993,5911,5,2.360000,1,0.952190,2.000000,3.000000,4.700000,5.000000,5.000000,5.000000
1574464994,5935,5,2.583333,1,1.059806,2.000000,3.000000,4.750000,5.000000,5.000000,5.000000
1574464995,5960,7,4.040000,2,1.171893,4.000000,5.000000,6.700000,7.000000,7.000000,7.000000
1574464996,5985,6,4.160000,3,1.027943,4.000000,5.000000,6.000000,6.000000,6.000000,6.000000
1574464997,6010,5,3.680000,3,0.627163,4.000000,4.000000,5.000000,5.000000,5.000000,5.000000
1574464998,6035,4,3.120000,2,0.525991,3.000000,3.000000,4.000000,4.000000,4.000000,4.000000
1574464999,6059,27,4.375000,2,4.870608,3.000000,4.000000,21.500000,27.000000,27.000000,27.000000
1574465000,6084,25,4.560000,3,4.301938,4.000000,4.000000,19.000000,25.000000,25.000000,25.000000
1574465001,6109,4,3.400000,3,0.500000,3.000000,4.000000,4.000000,4.000000,4.000000,4.000000
1574465002,6134,3,2.640000,2,0.489898,3.000000,3.000000,3.000000,3.000000,3.000000,3.000000
1574465003,6158,4,2.708333,2,0.624094,3.000000,3.000000,4.000000,4.000000,4.000000,4.000000
1574465004,6183,13,3.200000,2,2.121320,3.000000,3.000000,10.300000,13.000000,13.000000,13.000000
1574465005,6208,3,1.680000,1,0.627163,2.000000,2.000000,3.000000,3.000000,3.000000,3.000000
1574465006,6233,14,2.680000,1,2.444722,2.000000,3.000000,10.700000,14.000000,14.000000,14.000000
1574465007,6257,33,4.041667,2,6.188904,3.000000,3.000000,25.750000,33.000000,33.000000,33.000000
1574465008,6282,3,2.600000,2,0.500000,3.000000,3.000000,3.000000,3.000000,3.000000,3.000000
1574465009,6307,32,4.000000,1,5.909033,3.000000,4.000000,23.600000,32.000000,32.000000,32.000000
1574465010,6332,6,4.400000,3,1.080123,4.000000,5.000000,6.000000,6.000000,6.000000,6.000000
1574465011,6356,34,6.416667,3,5.963050,5.500000,6.000000,27.250000,34.000000,34.000000,34.000000
1574465012,6381,27,7.040000,5,4.237531,6.000000,7.000000,21.300000,27.000000,27.000000,27.000000
1574465013,6406,8,7.000000,6,0.707107,7.000000,7.500000,8.000000,8.000000,8.000000,8.000000
1574465014,6431,27,8.160000,6,3.975760,7.000000,8.000000,21.600000,27.000000,27.000000,27.000000
1574465015,6455,9,7.750000,7,0.531610,8.000000,8.000000,8.750000,9.000000,9.000000,9.000000
1574465016,6480,18,7.000000,6,2.362908,7.000000,7.000000,15.000000,18.000000,18.000000,18.000000
1574465017,6505,7,5.440000,4,0.711805,5.000000,6.000000,6.700000,7.000000,7.000000,7.000000
1574465018,6530,23,7.280000,6,3.310589,7.000000,7.000000,18.200000,23.000000,23.000000,23.000000
1574465019,6554,7,6.125000,5,0.448427,6.000000,6.000000,7.000000,7.000000,7.000000,7.000000
1574465020,6579,7,6.000000,5,0.707107,6.000000,6.500000,7.000000,7.000000,7.000000,7.000000
1574465021,6604,23,5.640000,2,3.828403,5.000000,6.000000,18.200000,23.000000,23.000000,23.000000
1574465022,6629,6,4.520000,3,0.962635,5.000000,5.000000,6.000000,6.000000,6.000000,6.000000
1574465023,6653,8,5.083333,3,1.529895,5.000000,6.750000,8.000000,8.000000,8.000000,8.000000
1574465024,6678,10,7.360000,4,1.629928,7.000000,9.000000,10.000000,10.000000,10.000000,10.000000
1574465025,6703,15,7.880000,4,2.242023,8.000000,9.000000,13.800000,15.000000,15.000000,15.000000
1574465026,6728,18,8.120000,5,2.934280,8.000000,10.000000,15.900000,18.000000,18.000000,18.000000
1574465027,6753,11,8.520000,6,1.262273,9.000000,9.500000,10.700000,11.000000,11.000000,11.000000
1574465028,6777,9,5.166667,2,2.078182,5.500000,7.000000,8.750000,9.000000,9.000000,9.000000
1574465029,6802,4,2.080000,1,0.702377,2.000000,2.000000,4.000000,4.000000,4.000000,4.000000
1574465030,6827,2,1.560000,1,0.506623,2.000000,2.000000,2.000000,2.000000,2.000000,2.000000
1574465031,6852,2,1.600000,1,0.500000,2.000000,2.000000,2.000000,2.000000,2.000000,2.000000
1574465032,6877,3,2.080000,1,0.759386,2.000000,3.000000,3.000000,3.000000,3.000000,3.000000
1574465033,6901,2,1.500000,1,0.510754,1.500000,2.000000,2.000000,2.000000,2.000000,2.000000
1574465034,6926,4,2.240000,1,0.778888,2.000000,3.000000,4.000000,4.000000,4.000000,4.000000
1574465035,6951,15,2.600000,1,2.708013,2.000000,2.500000,11.700000,15.000000,15.000000,15.000000
1574465036,6976,4,1.880000,1,0.725718,2.000000,2.000000,3.700000,4.000000,4.000000,4.000000
1574465037,7000,24,3.125000,1,4.475173,2.000000,3.000000,18.750000,24.000000,24.000000,24.000000
1574465038,7025,2,1.560000,1,0.506623,2.000000,2.000000,2.000000,2.000000,2.000000,2.000000
1574465039,7050,3,1.840000,1,0.553775,2.000000,2.000000,3.000000,3.000000,3.000000,3.000000
1574465040,7075,3,1.760000,1,0.597216,2.000000,2.000000,3.000000,3.000000,3.000000,3.000000
1574465041,7099,4,2.583333,2,0.583592,3.000000,3.000000,3.750000,4.000000,4.000000,4.000000
1574465042,7124,13,2.280000,1,2.300725,2.000000,2.000000,10.000000,13.000000,13.000000,13.000000
1574465043,7149,6,2.720000,2,0.842615,3.000000,3.000000,5.100000,6.000000,6.000000,6.000000
1574465044,7174,4,2.440000,1,0.768115,2.000000,3.000000,4.000000,4.000000,4.000000,4.000000
1574465045,7199,5,3.800000,3,0.645497,4.000000,4.000000,5.000000,5.000000,5.000000,5.000000
1574465046,7223,12,3.916667,3,1.791688,4.000000,4.000000,10.000000,12.000000,12.000000,12.000000
1574465047,7248,6,4.840000,3,0.943398,5.000000,6.000000,6.000000,6.000000,6.000000,6.000000
1574465048,7273,7,6.240000,5,0.522813,6.000000,7.000000,7.000000,7.000000,7.000000,7.000000
1574465049,7298,6,5.360000,4,0.568624,5.000000,6.000000,6.000000,6.000000,6.000000,6.000000
1574465050,7322,20,5.333333,3,3.171430,5.000000,5.000000,16.250000,20.000000,20.000000,20.000000
1574465051,7347,12,3.680000,2,1.842100,3.000000,4.000000,9.600000,12.000000,12.000000,12.000000
1574465052,7372,6,4.440000,3,0.820569,5.000000,5.000000,5.700000,6.000000,6.000000,6.000000
1574465053,7397,16,3.840000,2,2.592939,3.000000,4.000000,12.400000,16.000000,16.000000,16.000000
1574465054,7421,4,2.541667,1,0.658005,3.000000,3.000000,3.750000,4.000000,4.000000,4.000000
1574465055,7446,11,2.520000,1,1.828478,2.000000,2.500000,8.600000,11.000000,11.000000,11.000000
1574465056,7471,3,1.640000,1,0.637704,2.000000,2.000000,3.000000,3.000000,3.000000,3.000000
1574465057,7496,13,1.880000,1,2.368544,1.000000,2.000000,9.700000,13.000000,13.000000,13.000000
1574465058,7520,2,1.416667,1,0.503610,1.000000,2.000000,2.000000,2.000000,2.000000,2.000000
1574465059,7545,5,1.920000,1,0.812404,2.000000,2.000000,4.400000,5.000000,5.000000,5.000000
1574465060,7570,4,2.080000,1,0.862168,2.000000,2.500000,4.000000,4.000000,4.000000,4.000000
1574465061,7595,17,3.360000,1,2.942221,3.000000,3.000000,13.100000,17.000000,17.000000,17.000000
1574465062,7620,23,2.880000,1,4.206344,2.000000,2.000000,17.000000,23.000000,23.000000,23.000000
1574465063,7644,3,2.625000,2,0.494535,3.000000,3.000000,3.000000,3.000000,3.000000,3.000000
1574465064,7669,11,2.480000,1,1.873499,2.000000,3.000000,8.600000,11.000000,11.000000,11.000000
1574465065,7694,3,1.880000,1,0.781025,2.000000,2.500000,3.000000,3.000000,3.000000,3.000000
1574465066,7719,11,2.080000,1,1.956187,2.000000,2.000000,8.600000,11.000000,11.000000,11.000000
1574465067,7743,2,1.458333,1,0.508977,1.000000,2.000000,2.000000,2.000000,2.000000,2.000000
1574465068,7768,11,2.000000,1,1.936492,2.000000,2.000000,8.300000,11.000000,11.000000,11.000000
1574465069,7793,3,1.840000,1,0.687992,2.000000,2.000000,3.000000,3.000000,3.000000,3.000000
1574465070,7818,12,1.880000,1,2.185559,1.000000,2.000000,9.300000,12.000000,12.000000,12.000000
1574465071,7842,2,1.583333,1,0.503610,2.000000,2.000000,2.000000,2.000000,2.000000,2.000000
1574465072,7867,8,2.000000,1,1.354006,2.000000,2.000000,6.500000,8.000000,8.000000,8.000000
1574465073,7892,3,1.680000,1,0.556776,2.000000,2.000000,2.700000,3.000000,3.000000,3.000000
1574465074,7917,3,1.760000,1,0.522813,2.000000,2.000000,2.700000,3.000000,3.000000,3.000000
1574465075,7941,3,1.625000,1,0.646899,2.000000,2.000000,3.000000,3.000000,3.000000,3.000000
1574465076,7966,4,2.440000,1,1.003328,2.000000,3.000000,4.000000,4.000000,4.000000,4.000000
1574465077,7991,15,3.120000,1,2.603203,3.000000,3.000000,11.700000,15.000000,15.000000,15.000000
1574465078,8016,3,1.920000,1,0.493288,2.000000,2.000000,3.000000,3.000000,3.000000,3.000000
1574465079,8040,15,2.125000,1,2.786809,2.000000,2.000000,11.750000,15.000000,15.000000,15.000000
1574465080,8065,4,2.400000,1,0.816497,2.000000,3.000000,4.000000,4.000000,4.000000,4.000000
1574465081,8090,13,2.040000,1,2.335951,2.000000,2.000000,9.700000,13.000000,13.000000,13.000000
1574465082,8115,2,1.520000,1,0.509902,2.000000,2.000000,2.000000,2.000000,2.000000,2.000000
1574465083,8139,12,1.750000,1,2.231202,1.000000,2.000000,9.500000,12.000000,12.000000,12.000000
1574465084,8164,3,1.840000,1,0.472582,2.000000,2.000000,2.700000,3.000000,3.000000,3.000000
1574465085,8189,5,2.840000,2,0.800000,3.000000,3.000000,4.700000,5.000000,5.000000,5.000000
1574465086,8214,3,2.040000,1,0.611010,2.000000,2.000000,3.000000,3.000000,3.000000,3.000000
1574465087,8239,11,1.760000,1,1.984943,1.000000,2.000000,8.300000,11.000000,11.000000,11.000000
1574465088,8263,3,1.791667,1,0.721060,2.000000,2.000000,3.000000,3.000000,3.000000,3.000000
1574465089,8288,6,1.760000,1,1.011599,2.000000,2.000000,4.800000,6.000000,6.000000,6.000000
1574465090,8313,3,1.840000,1,0.472582,2.000000,2.000000,2.700000,3.000000,3.000000,3.000000
1574465091,8338,2,1.440000,1,0.506623,1.000000,2.000000,2.000000,2.000000,2.000000,2.000000
1574465092,8362,7,1.750000,1,1.224745,2.000000,2.000000,5.750000,7.000000,7.000000,7.000000
1574465093,8387,4,2.800000,1,1.000000,3.000000,4.000000,4.000000,4.000000,4.000000,4.000000
1574465094,8412,7,2.080000,1,1.151810,2.000000,2.000000,5.800000,7.000000,7.000000,7.000000
1574465095,8437,2,1.440000,1,0.506623,1.000000,2.000000,2.000000,2.000000,2.000000,2.000000
1574465096,8461,13,2.125000,1,2.364824,2.000000,2.000000,10.250000,13.000000,13.000000,13.000000
1574465097,8486,2,1.600000,1,0.500000,2.000000,2.000000,2.000000,2.000000,2.000000,2.000000
1574465098,8511,14,1.800000,1,2.581989,1.000000,2.000000,10.400000,14.000000,14.000000,14.000000
1574465099,8536,2,1.680000,1,0.476095,2.000000,2.000000,2.000000,2.000000,2.000000,2.000000
1574465100,8560,40,4.041667,1,7.743043,3.000000,3.000000,31.500000,40.000000,40.000000,40.000000
1574465101,8585,4,2.560000,1,0.768115,2.000000,3.000000,4.000000,4.000000,4.000000,4.000000
1574465102,8610,10,2.560000,1,1.685230,2.000000,3.000000,8.200000,10.000000,10.000000,10.000000
1574465103,8635,3,2.000000,1,0.408248,2.000000,2.000000,3.000000,3.000000,3.000000,3.000000
1574465104,8660,26,2.520000,1,4.925444,2.000000,2.000000,19.100000,26.000000,26.000000,26.000000
1574465105,8684,3,1.500000,1,0.659380,1.000000,2.000000,3.000000,3.000000,3.000000,3.000000
1574465106,8709,10,1.840000,1,1.772005,2.000000,2.000000,7.600000,10.000000,10.000000,10.000000
1574465107,8734,2,1.560000,1,0.506623,2.000000,2.000000,2.000000,2.000000,2.000000,2.000000
1574465108,8759,3,1.760000,1,0.663325,2.000000,2.000000,3.000000,3.000000,3.000000,3.000000
1574465109,8783,2,1.416667,1,0.503610,1.000000,2.000000,2.000000,2.000000,2.000000,2.000000
1574465110,8808,6,2.240000,1,1.507758,2.000000,3.000000,6.000000,6.000000,6.000000,6.000000
1574465111,8833,9,4.560000,3,1.121011,4.000000,5.000000,8.100000,9.000000,9.000000,9.000000
1574465112,8858,5,3.480000,2,0.653197,3.000000,4.000000,4.700000,5.000000,5.000000,5.000000
1574465113,8882,4,2.958333,2,0.550033,3.000000,3.000000,4.000000,4.000000,4.000000,4.000000
1574465114,8907,3,2.320000,1,0.556776,2.000000,3.000000,3.000000,3.000000,3.000000,3.000000
1574465115,8932,26,2.640000,1,4.889444,2.000000,2.000000,18.800000,26.000000,26.000000,26.000000
1574465116,8957,3,2.280000,1,0.678233,2.000000,3.000000,3.000000,3.000000,3.000000,3.000000
1574465117,8981,18,3.458333,2,3.189373,3.000000,3.750000,14.500000,18.000000,18.000000,18.000000
1574465118,9006,5,3.840000,3,0.687992,4.000000,4.000000,5.000000,5.000000,5.000000,5.000000
1574465119,9031,28,3.720000,2,5.086911,3.000000,3.000000,20.800000,28.000000,28.000000,28.000000
1574465120,9056,3,1.960000,1,0.351188,2.000000,2.000000,2.700000,3.000000,3.000000,3.000000
1574465121,9080,13,2.833333,2,2.219805,2.000000,3.000000,10.500000,13.000000,13.000000,13.000000
1574465122,9105,3,1.960000,1,0.454606,2.000000,2.000000,3.000000,3.000000,3.000000,3.000000
1574465123,9130,17,2.240000,1,3.112876,2.000000,2.000000,12.500000,17.000000,17.000000,17.000000
1574465124,9155,2,1.440000,1,0.506623,1.000000,2.000000,2.000000,2.000000,2.000000,2.000000
1574465125,9180,28,2.600000,1,5.315073,2.000000,2.000000,20.200000,28.000000,28.000000,28.000000
1574465126,9204,3,2.041667,1,0.806450,2.000000,3.000000,3.000000,3.000000,3.000000,3.000000
1574465127,9229,4,2.760000,2,0.663325,3.000000,3.000000,4.000000,4.000000,4.000000,4.000000
1574465128,9254,3,2.280000,2,0.458258,2.000000,3.000000,3.000000,3.000000,3.000000,3.000000
1574465129,9279,4,3.240000,2,0.830662,3.000000,4.000000,4.000000,4.000000,4.000000,4.000000
1574465130,9303,5,2.833333,2,0.916831,3.000000,3.750000,4.750000,5.000000,5.000000,5.000000
1574465131,9328,8,2.640000,1,1.380821,2.000000,3.000000,6.800000,8.000000,8.000000,8.000000
1574465132,9353,3,2.280000,2,0.458258,2.000000,3.000000,3.000000,3.000000,3.000000,3.000000
1574465133,9378,15,3.040000,1,2.653300,2.000000,3.000000,12.000000,15.000000,15.000000,15.000000
1574465134,9402,3,1.958333,1,0.464306,2.000000,2.000000,3.000000,3.000000,3.000000,3.000000
1574465135,9427,25,2.560000,1,4.700000,2.000000,2.000000,18.100000,25.000000,25.000000,25.000000
1574465136,9452,3,1.600000,1,0.577350,2.000000,2.000000,2.700000,3.000000,3.000000,3.000000
1574465137,9477,3,2.280000,1,0.541603,2.000000,3.000000,3.000000,3.000000,3.000000,3.000000
1574465138,9501,4,1.958333,1,0.858673,2.000000,2.750000,3.750000,4.000000,4.000000,4.000000
1574465139,9526,4,1.880000,1,0.832666,2.000000,2.000000,3.700000,4.000000,4.000000,4.000000
1574465140,9551,3,1.720000,1,0.678233,2.000000,2.000000,3.000000,3.000000,3.000000,3.000000
1574465141,9576,25,3.000000,1,4.663690,2.000000,3.000000,18.700000,25.000000,25.000000,25.000000
1574465142,9600,5,2.458333,1,0.977093,2.500000,3.000000,4.750000,5.000000,5.000000,5.000000
1574465143,9625,6,3.680000,1,1.180395,4.000000,4.500000,5.700000,6.000000,6.000000,6.000000
1574465144,9650,6,4.040000,3,0.934523,4.000000,5.000000,5.700000,6.000000,6.000000,6.000000
1574465145,9675,22,2.960000,1,4.036087,2.000000,2.500000,16.600000,22.000000,22.000000,22.000000
1574465146,9699,4,3.083333,2,0.583592,3.000000,3.000000,4.000000,4.000000,4.000000,4.000000
1574465147,9724,14,4.840000,2,2.592939,4.000000,6.500000,12.200000,14.000000,14.000000,14.000000
1574465148,9749,8,5.640000,2,1.439907,5.000000,7.000000,8.000000,8.000000,8.000000,8.000000
1574465149,9774,6,3.080000,1,1.681269,3.000000,5.000000,6.000000,6.000000,6.000000,6.000000
1574465150,9799,27,4.040000,1,5.012318,3.000000,4.500000,20.700000,27.000000,27.000000,27.000000
1574465151,9823,5,1.916667,1,0.928611,2.000000,2.000000,4.500000,5.000000,5.000000,5.000000
1574465152,9848,4,2.880000,2,0.600000,3.000000,3.000000,4.000000,4.000000,4.000000,4.000000
1574465153,9873,2,1.560000,1,0.506623,2.000000,2.000000,2.000000,2.000000,2.000000,2.000000
1574465154,9898,2,1.360000,1,0.489898,1.000000,2.000000,2.000000,2.000000,2.000000,2.000000
1574465155,9922,2,1.458333,1,0.508977,1.000000,2.000000,2.000000,2.000000,2.000000,2.000000
1574465156,9947,3,1.560000,1,0.583095,2.000000,2.000000,2.700000,3.000000,3.000000,3.000000
1574465157,9972,5,3.240000,1,1.200000,3.000000,4.000000,5.000000,5.000000,5.000000,5.000000
1574465158,9997,25,3.480000,2,4.519587,3.000000,3.000000,18.700000,25.000000,25.000000,25.000000
1574465159,10022,3,2.000000,1,0.645497,2.000000,2.000000,3.000000,3.000000,3.000000,3.000000
1574465160,10046,21,2.208333,1,4.032252,1.000000,2.000000,16.250000,21.000000,21.000000,21.000000
1574465161,10071,3,1.920000,1,0.400000,2.000000,2.000000,2.700000,3.000000,3.000000,3.000000
1574465162,10096,20,2.480000,1,3.675595,2.000000,2.000000,14.600000,20.000000,20.000000,20.000000
1574465163,10121,2,1.480000,1,0.509902,1.000000,2.000000,2.000000,2.000000,2.000000,2.000000
1574465164,10145,19,2.083333,1,3.634576,1.000000,2.000000,14.750000,19.000000,19.000000,19.000000
1574465165,10170,2,1.520000,1,0.509902,2.000000,2.000000,2.000000,2.000000,2.000000,2.000000
1574465166,10195,3,1.720000,1,0.541603,2.000000,2.000000,2.700000,3.000000,3.000000,3.000000
1574465167,10220,7,2.360000,1,1.439907,2.000000,3.000000,6.100000,7.000000,7.000000,7.000000
1574465168,10244,14,3.291667,1,2.475606,3.000000,4.000000,11.500000,14.000000,14.000000,14.000000
1574465169,10269,9,2.600000,1,1.500000,2.000000,3.000000,7.200000,9.000000,9.000000,9.000000
1574465170,10294,3,2.000000,1,0.408248,2.000000,2.000000,3.000000,3.000000,3.000000,3.000000
1574465171,10319,3,2.640000,2,0.489898,3.000000,3.000000,3.000000,3.000000,3.000000,3.000000
1574465172,10343,6,4.250000,2,1.188715,5.000000,5.000000,6.000000,6.000000,6.000000,6.000000
1574465173,10368,33,5.200000,3,5.859465,4.000000,5.000000,24.900000,33.000000,33.000000,33.000000
1574465174,10393,4,2.800000,2,0.577350,3.000000,3.000000,4.000000,4.000000,4.000000,4.000000
1574465175,10418,27,4.200000,2,4.821825,3.000000,4.000000,20.400000,27.000000,27.000000,27.000000
1574465176,10442,8,4.125000,2,1.226962,4.000000,5.000000,7.500000,8.000000,8.000000,8.000000
1574465177,10467,6,2.920000,1,1.115049,3.000000,3.000000,5.700000,6.000000,6.000000,6.000000
1574465178,10492,4,2.160000,1,0.624500,2.000000,2.000000,3.700000,4.000000,4.000000,4.000000
1574465179,10517,18,5.640000,2,3.289883,5.000000,6.500000,15.900000,18.000000,18.000000,18.000000
1574465180,10541,9,5.958333,3,1.805286,6.000000,8.000000,8.750000,9.000000,9.000000,9.000000
1574465181,10566,7,4.440000,2,1.635033,4.000000,5.500000,7.000000,7.000000,7.000000,7.000000
1574465182,10591,5,3.080000,2,0.759386,3.000000,3.500000,4.700000,5.000000,5.000000,5.000000
1574465183,10616,14,3.680000,2,2.249444,3.000000,4.000000,11.300000,14.000000,14.000000,14.000000
1574465184,10640,5,3.416667,2,0.775532,3.000000,4.000000,5.000000,5.000000,5.000000,5.000000
1574465185,10665,18,5.320000,3,2.734349,5.000000,5.000000,14.400000,18.000000,18.000000,18.000000
1574465186,10690,5,3.520000,3,0.585947,3.000000,4.000000,4.700000,5.000000,5.000000,5.000000
1574465187,10715,6,4.280000,3,0.791623,4.000000,5.000000,5.700000,6.000000,6.000000,6.000000
1574465188,10740,4,3.480000,2,0.714143,4.000000,4.000000,4.000000,4.000000,4.000000,4.000000
1574465189,10764,11,2.291667,1,1.921937,2.000000,2.000000,9.000000,11.000000,11.000000,11.000000
1574465190,10789,2,1.480000,1,0.509902,1.000000,2.000000,2.000000,2.000000,2.000000,2.000000
1574465191,10814,10,1.840000,1,1.772005,2.000000,2.000000,7.600000,10.000000,10.000000,10.000000
1574465192,10839,2,1.440000,1,0.506623,1.000000,2.000000,2.000000,2.000000,2.000000,2.000000
1574465193,10863,33,3.291667,1,6.348428,2.000000,2.000000,25.500000,33.000000,33.000000,33.000000
1574465194,10888,3,2.120000,1,0.600000,2.000000,2.500000,3.000000,3.000000,3.000000,3.000000
1574465195,10913,28,2.560000,1,5.323533,2.000000,2.000000,20.200000,28.000000,28.000000,28.000000
1574465196,10938,3,1.800000,1,0.500000,2.000000,2.000000,2.700000,3.000000,3.000000,3.000000
1574465197,10962,4,1.666667,1,0.701964,2.000000,2.000000,3.500000,4.000000,4.000000,4.000000
1574465198,10987,28,2.880000,1,5.254522,2.000000,2.000000,20.500000,28.000000,28.000000,28.000000
1574465199,11012,3,2.280000,2,0.458258,2.000000,3.000000,3.000000,3.000000,3.000000,3.000000
1574465200,11037,25,2.880000,1,4.621688,2.000000,2.000000,18.400000,25.000000,25.000000,25.000000
1574465201,11062,2,1.960000,1,0.200000,2.000000,2.000000,2.000000,2.000000,2.000000,2.000000
1574465202,11086,27,4.958333,2,4.991115,3.500000,5.750000,22.000000,27.000000,27.000000,27.000000
1574465203,11111,8,6.400000,3,1.354006,7.000000,7.000000,8.000000,8.000000,8.000000,8.000000
1574465204,11136,9,8.120000,4,1.053565,8.000000,9.000000,9.000000,9.000000,9.000000,9.000000
1574465205,11160,10,8.625000,8,0.575779,9.000000,9.000000,9.750000,10.000000,10.000000,10.000000
1574465206,11185,9,8.200000,7,0.707107,8.000000,9.000000,9.000000,9.000000,9.000000,9.000000
1574465207,11210,9,8.320000,7,0.627163,8.000000,9.000000,9.000000,9.000000,9.000000,9.000000
1574465208,11235,17,7.640000,6,2.038790,7.000000,8.000000,14.300000,17.000000,17.000000,17.000000
1574465209,11260,8,6.320000,5,0.748331,6.000000,7.000000,7.700000,8.000000,8.000000,8.000000
1574465210,11284,22,5.958333,4,3.495079,5.000000,6.000000,18.000000,22.000000,22.000000,22.000000
1574465211,11309,5,4.480000,4,0.509902,4.000000,5.000000,5.000000,5.000000,5.000000,5.000000
1574465212,11334,24,4.360000,2,4.162131,4.000000,4.000000,18.300000,24.000000,24.000000,24.000000
1574465213,11359,4,3.320000,2,0.556776,3.000000,4.000000,4.000000,4.000000,4.000000,4.000000
1574465214,11383,20,5.375000,3,3.187100,5.000000,5.000000,16.500000,20.000000,20.000000,20.000000
1574465215,11408,6,4.800000,3,0.763763,5.000000,5.000000,6.000000,6.000000,6.000000,6.000000
1574465216,11433,6,4.800000,3,0.957427,5.000000,5.500000,6.000000,6.000000,6.000000,6.000000
1574465217,11458,10,4.440000,2,1.416569,4.000000,5.000000,8.500000,10.000000,10.000000,10.000000
1574465218,11483,6,4.680000,3,0.748331,5.000000,5.000000,6.000000,6.000000,6.000000,6.000000
1574465219,11507,6,3.666667,2,0.916831,3.500000,4.000000,5.750000,6.000000,6.000000,6.000000
1574465220,11532,6,4.440000,2,0.960902,4.000000,5.000000,6.000000,6.000000,6.000000,6.000000
1574465221,11557,17,2.760000,1,3.085990,2.000000,3.000000,13.100000,17.000000,17.000000,17.000000
1574465222,11582,5,2.920000,2,0.702377,3.000000,3.000000,4.700000,5.000000,5.000000,5.000000
1574465223,11606,14,2.625000,2,2.446159,2.000000,2.000000,11.250000,14.000000,14.000000,14.000000
1574465224,11631,3,2.480000,2,0.509902,2.000000,3.000000,3.000000,3.000000,3.000000,3.000000
1574465225,11656,15,2.520000,1,2.663331,2.000000,2.000000,11.400000,15.000000,15.000000,15.000000
1574465226,11681,3,1.720000,1,0.541603,2.000000,2.000000,2.700000,3.000000,3.000000,3.000000
1574465227,11706,19,2.600000,1,3.464102,2.000000,2.000000,14.200000,19.000000,19.000000,19.000000
1574465228,11730,3,1.750000,1,0.531610,2.000000,2.000000,2.750000,3.000000,3.000000,3.000000
1574465229,11755,6,1.840000,1,0.986577,2.000000,2.000000,4.800000,6.000000,6.000000,6.000000
1574465230,11780,3,1.880000,1,0.439697,2.000000,2.000000,2.700000,3.000000,3.000000,3.000000
1574465231,11804,4,2.541667,1,0.779028,3.000000,3.000000,4.000000,4.000000,4.000000,4.000000
1574465232,11829,15,2.280000,1,2.716002,2.000000,2.000000,11.400000,15.000000,15.000000,15.000000
1574465233,11854,3,1.840000,1,0.687992,2.000000,2.000000,3.000000,3.000000,3.000000,3.000000
1574465234,11879,30,3.800000,1,5.515131,3.000000,3.000000,22.200000,30.000000,30.000000,30.000000
1574465235,11904,4,2.160000,1,0.624500,2.000000,2.000000,3.700000,4.000000,4.000000,4.000000
1574465236,11928,18,5.750000,2,2.847577,5.500000,6.000000,15.250000,18.000000,18.000000,18.000000
1574465237,11953,5,3.560000,2,0.869866,3.000000,4.000000,5.000000,5.000000,5.000000,5.000000
1574465238,11978,3,2.160000,1,0.472582,2.000000,2.000000,3.000000,3.000000,3.000000,3.000000
1574465239,12003,3,2.160000,2,0.374166,2.000000,2.000000,3.000000,3.000000,3.000000,3.000000
1574465240,12027,19,3.125000,1,3.442856,3.000000,3.000000,15.000000,19.000000,19.000000,19.000000
1574465241,12052,4,2.720000,2,0.678233,3.000000,3.000000,4.000000,4.000000,4.000000,4.000000
1574465242,12077,13,2.440000,1,2.274496,2.000000,2.000000,10.000000,13.000000,13.000000,13.000000
1574465243,12102,3,2.080000,1,0.400000,2.000000,2.000000,3.000000,3.000000,3.000000,3.000000
1574465244,12126,3,2.250000,2,0.442326,2.000000,2.750000,3.000000,3.000000,3.000000,3.000000
1574465245,12151,13,1.880000,1,2.368544,1.000000,2.000000,9.700000,13.000000,13.000000,13.000000
1574465246,12176,3,1.800000,1,0.500000,2.000000,2.000000,2.700000,3.000000,3.000000,3.000000
1574465247,12201,16,3.000000,1,2.798809,3.000000,3.000000,12.400000,16.000000,16.000000,16.000000
1574465248,12225,3,2.083333,1,0.503610,2.000000,2.000000,3.000000,3.000000,3.000000,3.000000
1574465249,12250,10,2.120000,1,1.739732,2.000000,2.000000,7.900000,10.000000,10.000000,10.000000
1574465250,12275,3,2.080000,1,0.493288,2.000000,2.000000,3.000000,3.000000,3.000000,3.000000
1574465251,12300,11,2.120000,1,1.921805,2.000000,2.000000,8.600000,11.000000,11.000000,11.000000
1574465252,12325,3,1.720000,1,0.613732,2.000000,2.000000,3.000000,3.000000,3.000000,3.000000
1574465253,12349,13,2.541667,1,2.264646,2.000000,2.000000,10.500000,13.000000,13.000000,13.000000
1574465254,12374,3,1.920000,1,0.493288,2.000000,2.000000,3.000000,3.000000,3.000000,3.000000
1574465255,12399,4,2.480000,2,0.653197,2.000000,3.000000,4.000000,4.000000,4.000000,4.000000
1574465256,12424,5,3.280000,2,0.613732,3.000000,4.000000,4.700000,5.000000,5.000000,5.000000
1574465257,12448,4,1.958333,1,0.907896,2.000000,2.000000,4.000000,4.000000,4.000000,4.000000
1574465258,12473,6,3.000000,1,1.779513,2.000000,5.000000,6.000000,6.000000,6.000000,6.000000
1574465259,12498,5,3.960000,3,0.789515,4.000000,5.000000,5.000000,5.000000,5.000000,5.000000
1574465260,12523,16,3.080000,1,2.782685,3.000000,3.000000,12.400000,16.000000,16.000000,16.000000
1574465261,12547,5,3.583333,2,0.717282,4.000000,4.000000,5.000000,5.000000,5.000000,5.000000
1574465262,12572,4,2.840000,1,0.746101,3.000000,3.000000,4.000000,4.000000,4.000000,4.000000
1574465263,12597,3,2.280000,1,0.541603,2.000000,3.000000,3.000000,3.000000,3.000000,3.000000
1574465264,12622,13,2.960000,2,2.169485,3.000000,3.000000,10.300000,13.000000,13.000000,13.000000
1574465265,12647,3,2.440000,1,0.583095,2.000000,3.000000,3.000000,3.000000,3.000000,3.000000
1574465266,12671,4,3.083333,2,0.503610,3.000000,3.000000,4.000000,4.000000,4.000000,4.000000
1574465267,12696,4,2.560000,1,0.768115,2.000000,3.000000,4.000000,4.000000,4.000000,4.000000
1574465268,12721,3,1.840000,1,0.472582,2.000000,2.000000,2.700000,3.000000,3.000000,3.000000
1574465269,12746,16,2.560000,1,2.814842,2.000000,2.000000,12.100000,16.000000,16.000000,16.000000
1574465270,12770,3,2.125000,1,0.612372,2.000000,2.750000,3.000000,3.000000,3.000000,3.000000
1574465271,12795,13,3.920000,2,2.080064,3.000000,4.000000,10.900000,13.000000,13.000000,13.000000
1574465272,12820,6,3.880000,3,0.927362,4.000000,5.000000,5.700000,6.000000,6.000000,6.000000
1574465273,12845,16,4.520000,3,2.501999,4.000000,4.500000,13.000000,16.000000,16.000000,16.000000
1574465274,12869,4,3.083333,2,0.775532,3.000000,4.000000,4.000000,4.000000,4.000000,4.000000
1574465275,12894,7,3.200000,2,1.080123,3.000000,4.000000,6.100000,7.000000,7.000000,7.000000
1574465276,12919,3,2.000000,1,0.288675,2.000000,2.000000,2.700000,3.000000,3.000000,3.000000
1574465277,12943,2,1.625000,1,0.494535,2.000000,2.000000,2.000000,2.000000,2.000000,2.000000
1574465278,12968,19,2.440000,1,3.489030,2.000000,2.000000,14.200000,19.000000,19.000000,19.000000
1574465279,12993,4,2.800000,2,0.500000,3.000000,3.000000,3.700000,4.000000,4.000000,4.000000
1574465280,13018,8,2.520000,1,1.262273,2.000000,3.000000,6.500000,8.000000,8.000000,8.000000
1574465281,13043,3,2.320000,1,0.627163,2.000000,3.000000,3.000000,3.000000,3.000000,3.000000
1574465282,13067,9,2.625000,2,1.438976,2.000000,3.000000,7.500000,9.000000,9.000000,9.000000
1574465283,13092,3,2.400000,2,0.500000,2.000000,3.000000,3.000000,3.000000,3.000000,3.000000
1574465284,13117,17,2.920000,1,2.984962,2.000000,3.000000,12.800000,17.000000,17.000000,17.000000
1574465285,13142,3,2.160000,2,0.374166,2.000000,2.000000,3.000000,3.000000,3.000000,3.000000
1574465286,13167,4,2.680000,2,0.556776,3.000000,3.000000,3.700000,4.000000,4.000000,4.000000
1574465287,13191,4,2.583333,2,0.583592,3.000000,3.000000,3.750000,4.000000,4.000000,4.000000
1574465288,13216,3,2.040000,1,0.611010,2.000000,2.000000,3.000000,3.000000,3.000000,3.000000
1574465289,13241,12,2.080000,1,2.119748,2.000000,2.000000,9.000000,12.000000,12.000000,12.000000
1574465290,13266,5,3.160000,1,1.143095,3.000000,4.000000,5.000000,5.000000,5.000000,5.000000
1574465291,13290,14,2.958333,2,2.422345,2.000000,3.000000,11.500000,14.000000,14.000000,14.000000
1574465292,13315,3,1.840000,1,0.687992,2.000000,2.000000,3.000000,3.000000,3.000000,3.000000
1574465293,13340,13,2.120000,1,2.333095,2.000000,2.000000,10.000000,13.000000,13.000000,13.000000
1574465294,13365,2,1.720000,1,0.458258,2.000000,2.000000,2.000000,2.000000,2.000000,2.000000
1574465295,13389,9,2.083333,1,1.529895,2.000000,2.000000,7.250000,9.000000,9.000000,9.000000
1574465296,13414,2,1.760000,1,0.435890,2.000000,2.000000,2.000000,2.000000,2.000000,2.000000
1574465297,13439,3,1.920000,1,0.571548,2.000000,2.000000,3.000000,3.000000,3.000000,3.000000
1574465298,13464,5,2.600000,1,1.000000,3.000000,3.000000,4.700000,5.000000,5.000000,5.000000
1574465299,13488,4,2.916667,2,0.583592,3.000000,3.000000,4.000000,4.000000,4.000000,4.000000
1574465300,13513,9,4.200000,2,1.414214,4.000000,5.000000,8.100000,9.000000,9.000000,9.000000
1574465301,13538,5,3.560000,3,0.650641,3.000000,4.000000,5.000000,5.000000,5.000000,5.000000
1574465302,13563,6,2.520000,1,0.962635,2.000000,3.000000,5.400000,6.000000,6.000000,6.000000
1574465303,13587,3,2.000000,1,0.417029,2.000000,2.000000,3.000000,3.000000,3.000000,3.000000
1574465304,13612,13,2.240000,1,2.278157,2.000000,2.000000,9.700000,13.000000,13.000000,13.000000
1574465305,13637,3,1.920000,1,0.400000,2.000000,2.000000,2.700000,3.000000,3.000000,3.000000
1574465306,13662,4,2.280000,1,0.678233,2.000000,3.000000,3.700000,4.000000,4.000000,4.000000
1574465307,13686,10,2.583333,1,1.767254,2.500000,3.000000,8.250000,10.000000,10.000000,10.000000
1574465308,13711,3,2.080000,1,0.493288,2.000000,2.000000,3.000000,3.000000,3.000000,3.000000
1574465309,13736,8,2.560000,2,1.227464,2.000000,3.000000,6.500000,8.000000,8.000000,8.000000
1574465310,13761,3,2.120000,2,0.331662,2.000000,2.000000,3.000000,3.000000,3.000000,3.000000
1574465311,13785,13,2.416667,1,2.301543,2.000000,2.000000,10.500000,13.000000,13.000000,13.000000
1574465312,13810,3,1.960000,1,0.454606,2.000000,2.000000,3.000000,3.000000,3.000000,3.000000
1574465313,13835,4,2.640000,1,0.757188,3.000000,3.000000,4.000000,4.000000,4.000000,4.000000
1574465314,13860,15,3.120000,2,2.538372,3.000000,3.000000,11.700000,15.000000,15.000000,15.000000
1574465315,13884,3,2.250000,1,0.607919,2.000000,3.000000,3.000000,3.000000,3.000000,3.000000
1574465316,13909,3,2.280000,1,0.541603,2.000000,3.000000,3.000000,3.000000,3.000000,3.000000
1574465317,13934,4,2.640000,2,0.568624,3.000000,3.000000,3.700000,4.000000,4.000000,4.000000
1574465318,13959,4,3.040000,2,0.454606,3.000000,3.000000,4.000000,4.000000,4.000000,4.000000
1574465319,13983,4,2.833333,2,0.564660,3.000000,3.000000,4.000000,4.000000,4.000000,4.000000
1574465320,14008,4,3.320000,3,0.476095,3.000000,4.000000,4.000000,4.000000,4.000000,4.000000
1574465321,14033,4,3.080000,2,0.571548,3.000000,3.000000,4.000000,4.000000,4.000000,4.000000
1574465322,14058,4,3.040000,2,0.611010,3.000000,3.000000,4.000000,4.000000,4.000000,4.000000
1574465323,14083,4,3.000000,2,0.500000,3.000000,3.000000,4.000000,4.000000,4.000000,4.000000
1574465324,14107,4,2.375000,1,0.824226,2.500000,3.000000,3.750000,4.000000,4.000000,4.000000
1574465325,14132,5,2.880000,2,0.927362,3.000000,3.000000,5.000000,5.000000,5.000000,5.000000
1574465326,14157,2,1.680000,1,0.476095,2.000000,2.000000,2.000000,2.000000,2.000000,2.000000
1574465327,14182,9,2.040000,1,1.540563,2.000000,2.000000,7.200000,9.000000,9.000000,9.000000
1574465328,14206,3,1.625000,1,0.575779,2.000000,2.000000,2.750000,3.000000,3.000000,3.000000
1574465329,14231,3,1.600000,1,0.577350,2.000000,2.000000,2.700000,3.000000,3.000000,3.000000
1574465330,14256,8,2.760000,2,1.234234,3.000000,3.000000,6.800000,8.000000,8.000000,8.000000
1574465331,14281,3,2.280000,1,0.613732,2.000000,3.000000,3.000000,3.000000,3.000000,3.000000
1574465332,14305,13,2.916667,2,2.205067,2.500000,3.000000,10.500000,13.000000,13.000000,13.000000
1574465333,14330,3,2.640000,2,0.489898,3.000000,3.000000,3.000000,3.000000,3.000000,3.000000
1574465334,14355,8,2.760000,2,1.200000,3.000000,3.000000,6.500000,8.000000,8.000000,8.000000
1574465335,14380,3,2.400000,2,0.500000,2.000000,3.000000,3.000000,3.000000,3.000000,3.000000
1574465336,14404,3,2.375000,2,0.494535,2.000000,3.000000,3.000000,3.000000,3.000000,3.000000
1574465337,14429,10,2.840000,2,1.572683,3.000000,3.000000,7.900000,10.000000,10.000000,10.000000
1574465338,14454,3,2.520000,2,0.509902,3.000000,3.000000,3.000000,3.000000,3.000000,3.000000
1574465339,14479,3,1.960000,1,0.611010,2.000000,2.000000,3.000000,3.000000,3.000000,3.000000
1574465340,14503,3,1.875000,1,0.612372,2.000000,2.000000,3.000000,3.000000,3.000000,3.000000
1574465341,14528,9,2.880000,1,1.508863,3.000000,3.000000,7.800000,9.000000,9.000000,9.000000
1574465342,14553,3,1.840000,1,0.472582,2.000000,2.000000,2.700000,3.000000,3.000000,3.000000
1574465343,14578,5,2.880000,2,0.781025,3.000000,3.000000,4.700000,5.000000,5.000000,5.000000
1574465344,14602,13,2.291667,1,2.330873,2.000000,2.000000,10.500000,13.000000,13.000000,13.000000
1574465345,14627,4,3.000000,1,0.707107,3.000000,3.000000,4.000000,4.000000,4.000000,4.000000
1574465346,14652,3,2.160000,1,0.687992,2.000000,3.000000,3.000000,3.000000,3.000000,3.000000
1574465347,14677,2,1.400000,1,0.500000,1.000000,2.000000,2.000000,2.000000,2.000000,2.000000
1574465348,14702,2,1.600000,1,0.500000,2.000000,2.000000,2.000000,2.000000,2.000000,2.000000
1574465349,14726,3,1.791667,1,0.658005,2.000000,2.000000,3.000000,3.000000,3.000000,3.000000
1574465350,14751,3,2.000000,1,0.645497,2.000000,2.000000,3.000000,3.000000,3.000000,3.000000
1574465351,14776,12,2.560000,1,2.042874,2.000000,3.000000,9.300000,12.000000,12.000000,12.000000
1574465352,14801,3,1.680000,1,0.556776,2.000000,2.000000,2.700000,3.000000,3.000000,3.000000
1574465353,14825,12,2.416667,1,2.083406,2.000000,2.000000,9.750000,12.000000,12.000000,12.000000
1574465354,14850,4,2.320000,1,0.627163,2.000000,3.000000,3.700000,4.000000,4.000000,4.000000
1574465355,14875,12,3.880000,2,1.943365,3.000000,4.000000,10.200000,12.000000,12.000000,12.000000
1574465356,14900,5,3.640000,2,0.757188,4.000000,4.000000,5.000000,5.000000,5.000000,5.000000
1574465357,14924,4,2.875000,1,0.740887,3.000000,3.000000,4.000000,4.000000,4.000000,4.000000
1574465358,14949,4,2.760000,2,0.663325,3.000000,3.000000,4.000000,4.000000,4.000000,4.000000
1574465359,14974,7,3.920000,3,0.862168,4.000000,4.000000,6.400000,7.000000,7.000000,7.000000
1574465360,14999,25,3.280000,2,4.559971,2.000000,3.000000,18.700000,25.000000,25.000000,25.000000
1574465361,15023,3,2.250000,1,0.607919,2.000000,3.000000,3.000000,3.000000,3.000000,3.000000
1574465362,15048,2,1.640000,1,0.489898,2.000000,2.000000,2.000000,2.000000,2.000000,2.000000
1574465363,15073,6,1.880000,1,1.092398,2.000000,2.000000,5.100000,6.000000,6.000000,6.000000
1574465364,15098,4,2.560000,1,1.083205,2.000000,4.000000,4.000000,4.000000,4.000000,4.000000
1574465365,15123,9,3.360000,2,1.287116,3.000000,3.500000,7.500000,9.000000,9.000000,9.000000
1574465366,15147,4,3.375000,2,0.575779,3.000000,4.000000,4.000000,4.000000,4.000000,4.000000
1574465367,15172,29,2.760000,1,5.486954,2.000000,2.000000,20.900000,29.000000,29.000000,29.000000
1574465368,15197,2,1.560000,1,0.506623,2.000000,2.000000,2.000000,2.000000,2.000000,2.000000
1574465369,15222,2,1.640000,1,0.489898,2.000000,2.000000,2.000000,2.000000,2.000000,2.000000
1574465370,15246,28,3.166667,1,5.305179,2.000000,2.000000,21.750000,28.000000,28.000000,28.000000
1574465371,15271,3,1.920000,1,0.400000,2.000000,2.000000,2.700000,3.000000,3.000000,3.000000
1574465372,15296,3,2.080000,1,0.400000,2.000000,2.000000,3.000000,3.000000,3.000000,3.000000
1574465373,15321,5,2.240000,1,0.969536,2.000000,2.500000,4.700000,5.000000,5.000000,5.000000
1574465374,15345,7,3.708333,1,1.517411,4.000000,5.000000,6.750000,7.000000,7.000000,7.000000
1574465375,15370,6,3.640000,2,1.113553,4.000000,4.000000,5.700000,6.000000,6.000000,6.000000
1574465376,15395,3,1.760000,1,0.522813,2.000000,2.000000,2.700000,3.000000,3.000000,3.000000
1574465377,15420,3,2.320000,1,0.627163,2.000000,3.000000,3.000000,3.000000,3.000000,3.000000
1574465378,15444,3,2.666667,2,0.481543,3.000000,3.000000,3.000000,3.000000,3.000000,3.000000
1574465379,15469,7,3.240000,2,0.925563,3.000000,3.000000,6.100000,7.000000,7.000000,7.000000
1574465380,15494,4,3.200000,2,0.500000,3.000000,3.500000,4.000000,4.000000,4.000000,4.000000
1574465381,15519,4,2.640000,2,0.568624,3.000000,3.000000,3.700000,4.000000,4.000000,4.000000
1574465382,15543,4,2.541667,1,0.883627,3.000000,3.000000,4.000000,4.000000,4.000000,4.000000
1574465383,15568,4,2.760000,1,0.597216,3.000000,3.000000,3.700000,4.000000,4.000000,4.000000
1574465384,15593,18,3.040000,2,3.155419,2.000000,3.000000,13.500000,18.000000,18.000000,18.000000
1574465385,15618,4,2.800000,2,0.500000,3.000000,3.000000,3.700000,4.000000,4.000000,4.000000
1574465386,15642,3,2.625000,2,0.494535,3.000000,3.000000,3.000000,3.000000,3.000000,3.000000
1574465387,15667,6,3.480000,2,1.122497,3.000000,4.500000,5.700000,6.000000,6.000000,6.000000
1574465388,15692,4,2.640000,2,0.637704,3.000000,3.000000,4.000000,4.000000,4.000000,4.000000
1574465389,15717,8,2.440000,2,1.227464,2.000000,2.500000,6.500000,8.000000,8.000000,8.000000
1574465390,15741,5,3.083333,2,0.775532,3.000000,3.750000,4.750000,5.000000,5.000000,5.000000
1574465391,15766,20,3.080000,1,3.593049,2.000000,3.000000,15.200000,20.000000,20.000000,20.000000
1574465392,15791,4,2.880000,2,0.525991,3.000000,3.000000,4.000000,4.000000,4.000000,4.000000
1574465393,15816,3,2.640000,2,0.489898,3.000000,3.000000,3.000000,3.000000,3.000000,3.000000
1574465394,15840,10,2.750000,2,1.621862,2.000000,3.000000,8.250000,10.000000,10.000000,10.000000
1574465395,15865,4,2.400000,1,0.707107,2.000000,3.000000,3.700000,4.000000,4.000000,4.000000
1574465396,15890,3,1.640000,1,0.568624,2.000000,2.000000,2.700000,3.000000,3.000000,3.000000
1574465397,15915,5,1.800000,1,0.816497,2.000000,2.000000,4.100000,5.000000,5.000000,5.000000
1574465398,15940,4,2.000000,1,0.645497,2.000000,2.000000,3.700000,4.000000,4.000000,4.000000
1574465399,15964,3,2.416667,1,0.583592,2.000000,3.000000,3.000000,3.000000,3.000000,3.000000
1574465400,15989,3,2.240000,1,0.597216,2.000000,3.000000,3.000000,3.000000,3.000000,3.000000
1574465401,16014,4,2.880000,1,0.600000,3.000000,3.000000,4.000000,4.000000,4.000000,4.000000
1574465402,16039,4,3.040000,2,0.611010,3.000000,3.000000,4.000000,4.000000,4.000000,4.000000
1574465403,16063,3,2.208333,1,0.588230,2.000000,3.000000,3.000000,3.000000,3.000000,3.000000
1574465404,16088,4,2.240000,1,0.778888,2.000000,2.000000,4.000000,4.000000,4.000000,4.000000
1574465405,16113,4,3.200000,2,0.707107,3.000000,4.000000,4.000000,4.000000,4.000000,4.000000
1574465406,16138,34,4.200000,2,6.244998,3.000000,3.500000,25.000000,34.000000,34.000000,34.000000
1574465407,16162,4,3.416667,2,0.583592,3.000000,4.000000,4.000000,4.000000,4.000000,4.000000
1574465408,16187,3,2.200000,1,0.500000,2.000000,2.500000,3.000000,3.000000,3.000000,3.000000
1574465409,16212,4,2.720000,2,0.613732,3.000000,3.000000,4.000000,4.000000,4.000000,4.000000
1574465410,16237,5,3.200000,2,0.763763,3.000000,4.000000,4.700000,5.000000,5.000000,5.000000
1574465411,16261,4,3.250000,3,0.442326,3.000000,3.750000,4.000000,4.000000,4.000000,4.000000
1574465412,16286,3,2.760000,2,0.435890,3.000000,3.000000,3.000000,3.000000,3.000000,3.000000
1574465413,16311,29,3.760000,1,5.285830,3.000000,3.000000,21.200000,29.000000,29.000000,29.000000
1574465414,16336,4,3.040000,2,0.538516,3.000000,3.000000,4.000000,4.000000,4.000000,4.000000
1574465415,16360,6,3.833333,2,1.239448,3.500000,4.750000,6.000000,6.000000,6.000000,6.000000
1574465416,16385,6,5.160000,4,0.472582,5.000000,5.000000,6.000000,6.000000,6.000000,6.000000
1574465417,16410,5,4.360000,4,0.489898,4.000000,5.000000,5.000000,5.000000,5.000000,5.000000
1574465418,16435,4,3.120000,2,0.725718,3.000000,4.000000,4.000000,4.000000,4.000000,4.000000
1574465419,16459,3,2.541667,1,0.588230,3.000000,3.000000,3.000000,3.000000,3.000000,3.000000
1574465420,16484,21,3.560000,2,3.663787,3.000000,3.000000,15.900000,21.000000,21.000000,21.000000
1574465421,16509,3,2.240000,1,0.597216,2.000000,3.000000,3.000000,3.000000,3.000000,3.000000
1574465422,16534,4,2.640000,1,0.700000,3.000000,3.000000,4.000000,4.000000,4.000000,4.000000
1574465423,16558,8,3.375000,2,1.312565,3.000000,3.750000,7.250000,8.000000,8.000000,8.000000
1574465424,16583,3,2.240000,1,0.522813,2.000000,3.000000,3.000000,3.000000,3.000000,3.000000
1574465425,16608,7,2.160000,1,1.143095,2.000000,2.000000,5.800000,7.000000,7.000000,7.000000
1574465426,16633,6,3.360000,2,1.186030,3.000000,4.000000,5.700000,6.000000,6.000000,6.000000
1574465427,16657,5,3.166667,2,0.868115,3.000000,4.000000,5.000000,5.000000,5.000000,5.000000
1574465428,16682,5,3.760000,3,0.723418,4.000000,4.000000,5.000000,5.000000,5.000000,5.000000
1574465429,16707,5,3.880000,3,0.600000,4.000000,4.000000,5.000000,5.000000,5.000000,5.000000
1574465430,16732,27,4.520000,3,4.726874,4.000000,4.000000,20.400000,27.000000,27.000000,27.000000
1574465431,16756,7,4.041667,2,1.160179,4.000000,5.000000,6.750000,7.000000,7.000000,7.000000
1574465432,16781,8,6.120000,5,0.832666,6.000000,7.000000,7.700000,8.000000,8.000000,8.000000
1574465433,16806,7,6.760000,6,0.435890,7.000000,7.000000,7.000000,7.000000,7.000000,7.000000
1574465434,16831,7,6.600000,5,0.577350,7.000000,7.000000,7.000000,7.000000,7.000000,7.000000
1574465435,16855,19,5.791667,4,2.888947,5.000000,6.000000,15.750000,19.000000,19.000000,19.000000
1574465436,16880,5,3.840000,2,0.746101,4.000000,4.000000,5.000000,5.000000,5.000000,5.000000
1574465437,16905,6,3.800000,2,1.040833,4.000000,4.500000,6.000000,6.000000,6.000000,6.000000
1574465438,16930,11,4.880000,4,1.363818,5.000000,5.000000,9.200000,11.000000,11.000000,11.000000
1574465439,16955,5,4.440000,2,0.711805,5.000000,5.000000,5.000000,5.000000,5.000000,5.000000
1574465440,16979,16,3.458333,2,2.765929,3.000000,3.750000,13.000000,16.000000,16.000000,16.000000
1574465441,17004,4,2.720000,2,0.613732,3.000000,3.000000,4.000000,4.000000,4.000000,4.000000
1574465442,17029,6,3.480000,2,1.262273,3.000000,4.000000,6.000000,6.000000,6.000000,6.000000
1574465443,17054,6,4.160000,3,0.624500,4.000000,4.000000,5.700000,6.000000,6.000000,6.000000
1574465444,17078,5,3.833333,3,0.637022,4.000000,4.000000,5.000000,5.000000,5.000000,5.000000
1574465445,17103,12,3.680000,2,1.994158,3.000000,4.000000,9.900000,12.000000,12.000000,12.000000
1574465446,17128,5,3.440000,2,0.768115,4.000000,4.000000,4.700000,5.000000,5.000000,5.000000
1574465447,17153,12,2.920000,2,1.956187,3.000000,3.000000,9.300000,12.000000,12.000000,12.000000
1574465448,17177,4,2.333333,1,0.701964,2.000000,3.000000,3.750000,4.000000,4.000000,4.000000
1574465449,17202,4,2.480000,1,0.770281,2.000000,3.000000,4.000000,4.000000,4.000000,4.000000
1574465450,17227,6,3.120000,2,0.881287,3.000000,3.500000,5.400000,6.000000,6.000000,6.000000
1574465451,17252,3,1.960000,1,0.611010,2.000000,2.000000,3.000000,3.000000,3.000000,3.000000
1574465452,17276,3,1.958333,1,0.464306,2.000000,2.000000,3.000000,3.000000,3.000000,3.000000
1574465453,17301,3,2.480000,1,0.585947,3.000000,3.000000,3.000000,3.000000,3.000000,3.000000
1574465454,17326,3,2.680000,2,0.476095,3.000000,3.000000,3.000000,3.000000,3.000000,3.000000
1574465455,17351,31,3.880000,2,5.673917,3.000000,3.000000,22.900000,31.000000,31.000000,31.000000
1574465456,17375,5,3.416667,3,0.583592,3.000000,4.000000,4.750000,5.000000,5.000000,5.000000
1574465457,17400,25,3.800000,2,4.518481,3.000000,4.000000,19.000000,25.000000,25.000000,25.000000
1574465458,17425,4,2.360000,1,0.700000,2.000000,3.000000,3.700000,4.000000,4.000000,4.000000
1574465459,17450,4,2.800000,2,0.577350,3.000000,3.000000,4.000000,4.000000,4.000000,4.000000
1574465460,17474,24,4.000000,2,4.293575,3.000000,3.750000,19.000000,24.000000,24.000000,24.000000
1574465461,17499,4,3.520000,3,0.509902,4.000000,4.000000,4.000000,4.000000,4.000000,4.000000
1574465462,17524,5,3.600000,3,0.577350,4.000000,4.000000,4.700000,5.000000,5.000000,5.000000
1574465463,17549,4,3.040000,2,0.675771,3.000000,3.500000,4.000000,4.000000,4.000000,4.000000
1574465464,17573,5,3.208333,1,1.102533,3.000000,4.000000,5.000000,5.000000,5.000000,5.000000
1574465465,17598,13,3.760000,3,1.984943,3.000000,4.000000,10.300000,13.000000,13.000000,13.000000
1574465466,17623,4,2.360000,1,0.637704,2.000000,3.000000,3.700000,4.000000,4.000000,4.000000
1574465467,17647,3,2.041667,1,0.358641,2.000000,2.000000,3.000000,3.000000,3.000000,3.000000
1574465468,17672,13,3.040000,1,2.244994,3.000000,3.000000,10.300000,13.000000,13.000000,13.000000
1574465469,17697,4,2.600000,1,0.707107,3.000000,3.000000,4.000000,4.000000,4.000000,4.000000
1574465470,17722,20,3.320000,2,3.520417,3.000000,3.000000,15.200000,20.000000,20.000000,20.000000
1574465471,17747,3,2.360000,1,0.568624,2.000000,3.000000,3.000000,3.000000,3.000000,3.000000
1574465472,17771,3,2.000000,1,0.589768,2.000000,2.000000,3.000000,3.000000,3.000000,3.000000
1574465473,17796,12,2.160000,1,2.115026,2.000000,2.000000,9.300000,12.000000,12.000000,12.000000
1574465474,17821,4,2.640000,1,0.700000,3.000000,3.000000,4.000000,4.000000,4.000000,4.000000
1574465475,17846,23,3.040000,1,4.198015,2.000000,3.000000,17.000000,23.000000,23.000000,23.000000
1574465476,17870,5,2.625000,2,0.710939,3.000000,3.000000,4.500000,5.000000,5.000000,5.000000
1574465477,17895,3,2.840000,2,0.374166,3.000000,3.000000,3.000000,3.000000,3.000000,3.000000
1574465478,17920,12,2.760000,1,2.046949,2.000000,3.000000,9.600000,12.000000,12.000000,12.000000
1574465479,17945,4,2.960000,1,0.734847,3.000000,3.000000,4.000000,4.000000,4.000000,4.000000
1574465480,17969,14,4.000000,2,2.395648,3.000000,4.000000,12.000000,14.000000,14.000000,14.000000
1574465481,17994,6,3.880000,2,0.881287,4.000000,4.000000,5.700000,6.000000,6.000000,6.000000
1574465482,18019,5,3.760000,3,0.723418,4.000000,4.000000,5.000000,5.000000,5.000000,5.000000
1574465483,18044,5,3.440000,3,0.583095,3.000000,4.000000,4.700000,5.000000,5.000000,5.000000
1574465484,18069,3,2.840000,2,0.374166,3.000000,3.000000,3.000000,3.000000,3.000000,3.000000
1574465485,18093,18,2.666667,1,3.292504,2.000000,2.000000,14.250000,18.000000,18.000000,18.000000
1574465486,18118,4,2.400000,1,0.912871,2.000000,3.000000,4.000000,4.000000,4.000000,4.000000
1574465487,18143,4,3.120000,2,0.600000,3.000000,3.500000,4.000000,4.000000,4.000000,4.000000
1574465488,18167,23,5.166667,3,3.963603,4.000000,5.000000,19.000000,23.000000,23.000000,23.000000
1574465489,18192,9,7.840000,5,0.800000,8.000000,8.000000,9.000000,9.000000,9.000000,9.000000
1574465490,18217,18,5.600000,4,2.677063,5.000000,6.000000,14.400000,18.000000,18.000000,18.000000
1574465491,18242,5,2.480000,1,0.962635,2.000000,3.000000,5.000000,5.000000,5.000000,5.000000
1574465492,18267,3,2.360000,1,0.568624,2.000000,3.000000,3.000000,3.000000,3.000000,3.000000
1574465493,18291,21,3.791667,2,3.753018,3.000000,4.000000,17.000000,21.000000,21.000000,21.000000
1574465494,18316,6,4.360000,3,0.810350,4.000000,5.000000,5.700000,6.000000,6.000000,6.000000
1574465495,18341,11,5.400000,3,1.607275,6.000000,6.000000,9.800000,11.000000,11.000000,11.000000
1574465496,18366,5,3.440000,1,0.869866,3.000000,4.000000,5.000000,5.000000,5.000000,5.000000
1574465497,18390,4,2.875000,2,0.797414,3.000000,3.750000,4.000000,4.000000,4.000000,4.000000
1574465498,18415,5,3.280000,2,0.678233,3.000000,3.500000,5.000000,5.000000,5.000000,5.000000
1574465499,18440,4,3.120000,2,0.525991,3.000000,3.000000,4.000000,4.000000,4.000000,4.000000
1574465500,18465,4,3.120000,2,0.665833,3.000000,4.000000,4.000000,4.000000,4.000000,4.000000
1574465501,18489,4,2.750000,2,0.607919,3.000000,3.000000,4.000000,4.000000,4.000000,4.000000
1574465502,18514,11,6.600000,2,3.214550,7.000000,9.500000,11.000000,11.000000,11.000000,11.000000
1574465503,18539,31,9.560000,7,4.574203,9.000000,9.000000,25.000000,31.000000,31.000000,31.000000
1574465504,18564,10,7.920000,5,1.579029,8.000000,9.000000,10.000000,10.000000,10.000000,10.000000
1574465505,18588,5,3.291667,2,0.858673,3.000000,4.000000,5.000000,5.000000,5.000000,5.000000
1574465506,18613,28,5.440000,2,4.805206,5.000000,5.000000,21.400000,28.000000,28.000000,28.000000
1574465507,18638,5,4.080000,3,0.640312,4.000000,4.500000,5.000000,5.000000,5.000000,5.000000
1574465508,18663,5,2.680000,1,0.852447,3.000000,3.000000,4.700000,5.000000,5.000000,5.000000
1574465509,18687,3,2.083333,1,0.503610,2.000000,2.000000,3.000000,3.000000,3.000000,3.000000
1574465510,18712,3,1.920000,1,0.400000,2.000000,2.000000,2.700000,3.000000,3.000000,3.000000
1574465511,18737,14,3.040000,1,2.440628,2.000000,3.000000,11.300000,14.000000,14.000000,14.000000
1574465512,18762,5,3.400000,2,0.707107,3.000000,4.000000,4.700000,5.000000,5.000000,5.000000
1574465513,18786,4,3.208333,2,0.588230,3.000000,4.000000,4.000000,4.000000,4.000000,4.000000
1574465514,18811,10,2.400000,1,1.683251,2.000000,2.500000,7.900000,10.000000,10.000000,10.000000
1574465515,18836,3,1.880000,1,0.600000,2.000000,2.000000,3.000000,3.000000,3.000000,3.000000
1574465516,18861,18,3.000000,1,3.175426,2.000000,3.000000,13.500000,18.000000,18.000000,18.000000
1574465517,18885,4,1.875000,1,0.612372,2.000000,2.000000,3.500000,4.000000,4.000000,4.000000
1574465518,18910,3,1.920000,1,0.493288,2.000000,2.000000,3.000000,3.000000,3.000000,3.000000
1574465519,18935,12,2.240000,1,2.087263,2.000000,2.000000,9.300000,12.000000,12.000000,12.000000
1574465520,18960,3,1.760000,1,0.522813,2.000000,2.000000,2.700000,3.000000,3.000000,3.000000
1574465521,18985,3,2.000000,1,0.645497,2.000000,2.000000,3.000000,3.000000,3.000000,3.000000
1574465522,19009,3,1.875000,1,0.536697,2.000000,2.000000,3.000000,3.000000,3.000000,3.000000
1574465523,19034,3,2.120000,1,0.725718,2.000000,3.000000,3.000000,3.000000,3.000000,3.000000
1574465524,19059,5,2.440000,2,0.711805,2.000000,3.000000,4.400000,5.000000,5.000000,5.000000
1574465525,19084,4,2.560000,2,0.583095,3.000000,3.000000,3.700000,4.000000,4.000000,4.000000
1574465526,19108,4,2.666667,1,0.637022,3.000000,3.000000,3.750000,4.000000,4.000000,4.000000
1574465527,19133,6,3.040000,2,0.978093,3.000000,3.000000,5.700000,6.000000,6.000000,6.000000
1574465528,19158,5,2.640000,1,1.036018,2.000000,3.500000,4.700000,5.000000,5.000000,5.000000
1574465529,19183,3,1.960000,1,0.538516,2.000000,2.000000,3.000000,3.000000,3.000000,3.000000
1574465530,19207,6,2.750000,1,1.188715,3.000000,3.000000,5.500000,6.000000,6.000000,6.000000
1574465531,19232,6,4.880000,3,0.725718,5.000000,5.000000,6.000000,6.000000,6.000000,6.000000
1574465532,19257,6,4.720000,4,0.541603,5.000000,5.000000,5.700000,6.000000,6.000000,6.000000
1574465533,19282,5,3.120000,1,0.881287,3.000000,4.000000,4.700000,5.000000,5.000000,5.000000
1574465534,19306,23,3.375000,1,4.261175,3.000000,3.000000,18.250000,23.000000,23.000000,23.000000
1574465535,19331,3,1.920000,1,0.400000,2.000000,2.000000,2.700000,3.000000,3.000000,3.000000
1574465536,19356,4,2.960000,2,0.675771,3.000000,3.000000,4.000000,4.000000,4.000000,4.000000
1574465537,19381,6,2.800000,2,1.040833,2.000000,3.500000,5.400000,6.000000,6.000000,6.000000
1574465538,19405,4,2.625000,2,0.575779,3.000000,3.000000,3.750000,4.000000,4.000000,4.000000
1574465539,19430,4,2.880000,2,0.600000,3.000000,3.000000,4.000000,4.000000,4.000000,4.000000
1574465540,19455,4,2.680000,1,0.627163,3.000000,3.000000,3.700000,4.000000,4.000000,4.000000
1574465541,19480,3,2.320000,2,0.476095,2.000000,3.000000,3.000000,3.000000,3.000000,3.000000
1574465542,19504,3,2.041667,1,0.550033,2.000000,2.000000,3.000000,3.000000,3.000000,3.000000
1574465543,19529,4,2.080000,1,0.759386,2.000000,2.500000,3.700000,4.000000,4.000000,4.000000
1574465544,19554,4,2.480000,1,0.653197,2.000000,3.000000,3.700000,4.000000,4.000000,4.000000
1574465545,19579,5,2.680000,1,1.144552,2.000000,3.500000,5.000000,5.000000,5.000000,5.000000
1574465546,19603,5,3.666667,3,0.761387,3.500000,4.000000,5.000000,5.000000,5.000000,5.000000
1574465547,19628,6,4.600000,3,0.763763,5.000000,5.000000,6.000000,6.000000,6.000000,6.000000
1574465548,19653,4,2.640000,2,0.637704,3.000000,3.000000,4.000000,4.000000,4.000000,4.000000
1574465549,19678,4,2.360000,1,0.757188,2.000000,3.000000,3.700000,4.000000,4.000000,4.000000
1574465550,19702,5,3.041667,2,0.750604,3.000000,3.000000,4.750000,5.000000,5.000000,5.000000
1574465551,19727,4,2.800000,1,0.763763,3.000000,3.000000,4.000000,4.000000,4.000000,4.000000
1574465552,19752,4,2.800000,2,0.577350,3.000000,3.000000,4.000000,4.000000,4.000000,4.000000
1574465553,19777,6,2.840000,2,0.800000,3.000000,3.000000,5.100000,6.000000,6.000000,6.000000
1574465554,19802,4,3.160000,2,0.624500,3.000000,4.000000,4.000000,4.000000,4.000000,4.000000
1574465555,19826,4,2.708333,2,0.550033,3.000000,3.000000,3.750000,4.000000,4.000000,4.000000
1574465556,19851,3,2.080000,1,0.400000,2.000000,2.000000,3.000000,3.000000,3.000000,3.000000
1574465557,19876,3,1.800000,1,0.500000,2.000000,2.000000,2.700000,3.000000,3.000000,3.000000
1574465558,19901,14,3.200000,1,2.432420,3.000000,3.500000,11.300000,14.000000,14.000000,14.000000
1574465559,19925,5,3.750000,3,0.531610,4.000000,4.000000,4.750000,5.000000,5.000000,5.000000
1574465560,19950,6,3.360000,2,0.810350,3.000000,4.000000,5.700000,6.000000,6.000000,6.000000
1574465561,19975,5,4.120000,2,0.881287,4.000000,5.000000,5.000000,5.000000,5.000000,5.000000
1574465562,20000,5,3.800000,3,0.577350,4.000000,4.000000,5.000000,5.000000,5.000000,5.000000
1574465563,20024,3,2.250000,1,0.607919,2.000000,3.000000,3.000000,3.000000,3.000000,3.000000
1574465564,20049,3,1.840000,1,0.553775,2.000000,2.000000,3.000000,3.000000,3.000000,3.000000
1574465565,20074,3,2.360000,2,0.489898,2.000000,3.000000,3.000000,3.000000,3.000000,3.000000
1574465566,20099,3,2.040000,1,0.538516,2.000000,2.000000,3.000000,3.000000,3.000000,3.000000
1574465567,20123,2,1.916667,1,0.282330,2.000000,2.000000,2.000000,2.000000,2.000000,2.000000
1574465568,20148,3,1.880000,1,0.439697,2.000000,2.000000,2.700000,3.000000,3.000000,3.000000
1574465569,20173,20,3.200000,1,3.796929,2.000000,3.000000,16.100000,20.000000,20.000000,20.000000
1574465570,20198,6,4.160000,2,1.106044,4.000000,5.000000,6.000000,6.000000,6.000000,6.000000
1574465571,20222,7,2.458333,1,1.102533,2.000000,3.000000,6.000000,7.000000,7.000000,7.000000
1574465572,20247,5,2.920000,2,0.909212,3.000000,4.000000,4.700000,5.000000,5.000000,5.000000
1574465573,20272,3,2.280000,1,0.541603,2.000000,3.000000,3.000000,3.000000,3.000000,3.000000
1574465574,20297,19,3.680000,2,3.484729,2.000000,4.000000,15.400000,19.000000,19.000000,19.000000
1574465575,20321,8,4.666667,2,1.522774,5.000000,5.000000,8.000000,8.000000,8.000000,8.000000
1574465576,20346,7,4.320000,2,1.405940,4.000000,5.000000,7.000000,7.000000,7.000000,7.000000
1574465577,20371,20,4.160000,1,3.636390,3.000000,5.000000,15.800000,20.000000,20.000000,20.000000
1574465578,20396,4,2.520000,1,0.653197,3.000000,3.000000,3.700000,4.000000,4.000000,4.000000
1574465579,20420,10,2.666667,1,1.761093,2.000000,3.000000,8.500000,10.000000,10.000000,10.000000
1574465580,20445,7,4.280000,2,1.275408,4.000000,5.000000,6.700000,7.000000,7.000000,7.000000
1574465581,20470,6,3.160000,2,1.067708,3.000000,4.000000,5.700000,6.000000,6.000000,6.000000
1574465582,20495,14,4.960000,3,2.071232,5.000000,5.000000,11.600000,14.000000,14.000000,14.000000
1574465583,20519,6,4.125000,2,1.075922,4.000000,5.000000,6.000000,6.000000,6.000000,6.000000
1574465584,20544,6,3.600000,2,1.040833,3.000000,4.000000,5.700000,6.000000,6.000000,6.000000
1574465585,20569,21,4.200000,2,3.741657,3.000000,5.000000,16.500000,21.000000,21.000000,21.000000
1574465586,20594,3,1.960000,1,0.675771,2.000000,2.000000,3.000000,3.000000,3.000000,3.000000
1574465587,20618,6,2.833333,1,1.129319,2.500000,4.000000,5.500000,6.000000,6.000000,6.000000
1574465588,20643,6,4.400000,2,1.290994,5.000000,5.500000,6.000000,6.000000,6.000000,6.000000
1574465589,20668,9,7.520000,6,1.084743,8.000000,8.000000,9.000000,9.000000,9.000000,9.000000
1574465590,20693,9,8.280000,7,0.678233,8.000000,9.000000,9.000000,9.000000,9.000000,9.000000
1574465591,20717,8,7.708333,7,0.464306,8.000000,8.000000,8.000000,8.000000,8.000000,8.000000
1574465592,20742,10,7.600000,6,0.912871,7.000000,8.000000,9.700000,10.000000,10.000000,10.000000
1574465593,20767,16,6.960000,5,2.130728,7.000000,7.500000,13.600000,16.000000,16.000000,16.000000
1574465594,20792,6,4.360000,3,0.700000,4.000000,5.000000,5.700000,6.000000,6.000000,6.000000
1574465595,20817,30,5.840000,2,5.169462,5.000000,6.000000,22.800000,30.000000,30.000000,30.000000
1574465596,20841,7,6.375000,6,0.494535,6.000000,7.000000,7.000000,7.000000,7.000000,7.000000
1574465597,20866,7,6.280000,5,0.613732,6.000000,7.000000,7.000000,7.000000,7.000000,7.000000
1574465598,20891,10,4.480000,4,1.228821,4.000000,5.000000,8.500000,10.000000,10.000000,10.000000
1574465599,20916,5,4.320000,3,0.627163,4.000000,5.000000,5.000000,5.000000,5.000000,5.000000
1574465600,20940,6,4.541667,4,0.588230,4.500000,5.000000,5.750000,6.000000,6.000000,6.000000
1574465601,20965,6,4.440000,3,0.768115,4.000000,5.000000,6.000000,6.000000,6.000000,6.000000
1574465602,20990,6,3.800000,2,1.000000,4.000000,5.000000,5.700000,6.000000,6.000000,6.000000
1574465603,21015,6,5.080000,4,0.702377,5.000000,6.000000,6.000000,6.000000,6.000000,6.000000
1574465604,21039,7,4.375000,2,1.209114,4.000000,5.000000,7.000000,7.000000,7.000000,7.000000
1574465605,21064,8,7.400000,7,0.500000,7.000000,8.000000,8.000000,8.000000,8.000000,8.000000
1574465606,21089,9,8.240000,7,0.723418,8.000000,9.000000,9.000000,9.000000,9.000000,9.000000
1574465607,21114,9,6.760000,5,1.164760,7.000000,8.000000,9.000000,9.000000,9.000000,9.000000
1574465608,21138,6,4.333333,2,1.167184,4.500000,5.000000,6.000000,6.000000,6.000000,6.000000
1574465609,21163,16,3.560000,1,2.814842,3.000000,4.000000,12.700000,16.000000,16.000000,16.000000
1574465610,21188,5,2.840000,1,0.943398,3.000000,3.500000,4.700000,5.000000,5.000000,5.000000
1574465611,21213,22,3.960000,2,3.813135,3.000000,4.000000,16.600000,22.000000,22.000000,22.000000
1574465612,21237,4,2.875000,2,0.536697,3.000000,3.000000,4.000000,4.000000,4.000000,4.000000
1574465613,21262,4,3.120000,2,0.600000,3.000000,3.500000,4.000000,4.000000,4.000000,4.000000
1574465614,21287,7,3.040000,2,1.059874,3.000000,3.000000,6.100000,7.000000,7.000000,7.000000
1574465615,21312,4,2.320000,1,0.690411,2.000000,3.000000,3.700000,4.000000,4.000000,4.000000
1574465616,21336,3,2.458333,2,0.508977,2.000000,3.000000,3.000000,3.000000,3.000000,3.000000
1574465617,21361,20,3.560000,2,3.453018,3.000000,3.000000,15.200000,20.000000,20.000000,20.000000
1574465618,21386,5,3.240000,2,0.969536,3.000000,4.000000,5.000000,5.000000,5.000000,5.000000
1574465619,21411,6,5.040000,3,0.734847,5.000000,5.500000,6.000000,6.000000,6.000000,6.000000
1574465620,21435,18,5.291667,4,2.742249,5.000000,5.000000,14.750000,18.000000,18.000000,18.000000
1574465621,21460,5,3.000000,2,0.866025,3.000000,3.000000,5.000000,5.000000,5.000000,5.000000
1574465622,21485,6,2.840000,2,0.800000,3.000000,3.000000,5.100000,6.000000,6.000000,6.000000
1574465623,21510,5,2.760000,2,0.830662,3.000000,3.000000,4.700000,5.000000,5.000000,5.000000
1574465624,21535,4,2.840000,2,0.687992,3.000000,3.000000,4.000000,4.000000,4.000000,4.000000
1574465625,21559,4,2.333333,2,0.564660,2.000000,3.000000,3.750000,4.000000,4.000000,4.000000
1574465626,21584,3,2.240000,2,0.435890,2.000000,2.500000,3.000000,3.000000,3.000000,3.000000
1574465627,21609,3,2.280000,1,0.541603,2.000000,3.000000,3.000000,3.000000,3.000000,3.000000
1574465628,21634,3,2.640000,2,0.489898,3.000000,3.000000,3.000000,3.000000,3.000000,3.000000
1574465629,21658,3,2.583333,2,0.503610,3.000000,3.000000,3.000000,3.000000,3.000000,3.000000
1574465630,21683,3,2.480000,1,0.585947,3.000000,3.000000,3.000000,3.000000,3.000000,3.000000
1574465631,21708,3,2.080000,1,0.571548,2.000000,2.000000,3.000000,3.000000,3.000000,3.000000
1574465632,21733,3,2.160000,1,0.472582,2.000000,2.000000,3.000000,3.000000,3.000000,3.000000
1574465633,21757,4,2.208333,1,0.721060,2.000000,3.000000,3.750000,4.000000,4.000000,4.000000
1574465634,21782,8,5.520000,3,1.326650,6.000000,6.000000,7.700000,8.000000,8.000000,8.000000
1574465635,21807,6,4.240000,2,1.164760,4.000000,5.000000,6.000000,6.000000,6.000000,6.000000
1574465636,21832,11,3.120000,2,1.691153,3.000000,3.000000,8.600000,11.000000,11.000000,11.000000
1574465637,21856,4,2.333333,1,0.637022,2.000000,3.000000,3.750000,4.000000,4.000000,4.000000
1574465638,21881,4,3.160000,2,0.472582,3.000000,3.000000,4.000000,4.000000,4.000000,4.000000
1574465639,21906,4,3.400000,3,0.500000,3.000000,4.000000,4.000000,4.000000,4.000000,4.000000
1574465640,21931,4,2.760000,2,0.663325,3.000000,3.000000,4.000000,4.000000,4.000000,4.000000
1574465641,21955,5,3.125000,2,0.899879,3.000000,4.000000,4.750000,5.000000,5.000000,5.000000
1574465642,21980,13,4.240000,3,1.877054,4.000000,4.000000,10.600000,13.000000,13.000000,13.000000
1574465643,22005,4,3.160000,2,0.800000,3.000000,4.000000,4.000000,4.000000,4.000000,4.000000
1574465644,22030,6,2.200000,1,0.957427,2.000000,2.000000,5.100000,6.000000,6.000000,6.000000
1574465645,22054,3,2.583333,2,0.503610,3.000000,3.000000,3.000000,3.000000,3.000000,3.000000
1574465646,22079,3,2.560000,2,0.506623,3.000000,3.000000,3.000000,3.000000,3.000000,3.000000
1574465647,22104,35,3.360000,1,6.619919,2.000000,2.000000,25.700000,35.000000,35.000000,35.000000
1574465648,22129,4,2.920000,2,0.640312,3.000000,3.000000,4.000000,4.000000,4.000000,4.000000
1574465649,22153,4,2.791667,2,0.721060,3.000000,3.000000,4.000000,4.000000,4.000000,4.000000
1574465650,22178,7,2.240000,2,1.011599,2.000000,2.000000,5.800000,7.000000,7.000000,7.000000
1574465651,22203,3,2.000000,1,0.408248,2.000000,2.000000,3.000000,3.000000,3.000000,3.000000
1574465652,22228,4,2.360000,2,0.568624,2.000000,3.000000,3.700000,4.000000,4.000000,4.000000
1574465653,22252,7,2.500000,1,1.142080,2.000000,3.000000,6.000000,7.000000,7.000000,7.000000
1574465654,22277,4,2.680000,2,0.627163,3.000000,3.000000,4.000000,4.000000,4.000000,4.000000
1574465655,22302,3,2.360000,2,0.489898,2.000000,3.000000,3.000000,3.000000,3.000000,3.000000
1574465656,22327,6,2.440000,2,0.869866,2.000000,3.000000,5.100000,6.000000,6.000000,6.000000
1574465657,22351,3,2.250000,2,0.442326,2.000000,2.750000,3.000000,3.000000,3.000000,3.000000
1574465658,22376,8,2.560000,1,1.260952,2.000000,3.000000,6.500000,8.000000,8.000000,8.000000
1574465659,22401,3,2.160000,1,0.553775,2.000000,2.500000,3.000000,3.000000,3.000000,3.000000
1574465660,22426,3,2.120000,1,0.439697,2.000000,2.000000,3.000000,3.000000,3.000000,3.000000
1574465661,22450,23,3.958333,1,4.247548,3.500000,4.000000,18.750000,23.000000,23.000000,23.000000
1574465662,22475,4,2.840000,1,1.027943,3.000000,4.000000,4.000000,4.000000,4.000000,4.000000
1574465663,22500,3,2.240000,1,0.663325,2.000000,3.000000,3.000000,3.000000,3.000000,3.000000
1574465664,22525,3,2.280000,1,0.613732,2.000000,3.000000,3.000000,3.000000,3.000000,3.000000
1574465665,22550,3,2.200000,1,0.645497,2.000000,3.000000,3.000000,3.000000,3.000000,3.000000
1574465666,22574,3,2.041667,1,0.358641,2.000000,2.000000,3.000000,3.000000,3.000000,3.000000
1574465667,22599,18,2.440000,1,3.267007,2.000000,2.000000,13.200000,18.000000,18.000000,18.000000
1574465668,22624,4,2.400000,1,0.763763,2.000000,3.000000,3.700000,4.000000,4.000000,4.000000
1574465669,22649,7,3.160000,2,0.898146,3.000000,3.000000,6.100000,7.000000,7.000000,7.000000
1574465670,22674,3,1.800000,1,0.577350,2.000000,2.000000,3.000000,3.000000,3.000000,3.000000
1574465671,22698,4,2.416667,2,0.653863,2.000000,3.000000,4.000000,4.000000,4.000000,4.000000
1574465672,22723,15,2.720000,1,2.606402,2.000000,3.000000,11.400000,15.000000,15.000000,15.000000
1574465673,22748,3,2.480000,2,0.509902,2.000000,3.000000,3.000000,3.000000,3.000000,3.000000
1574465674,22772,4,3.208333,2,0.658005,3.000000,4.000000,4.000000,4.000000,4.000000,4.000000
1574465675,22797,6,3.160000,1,0.943398,3.000000,4.000000,5.400000,6.000000,6.000000,6.000000
1574465676,22822,4,3.280000,2,0.678233,3.000000,4.000000,4.000000,4.000000,4.000000,4.000000
1574465677,22847,3,2.240000,1,0.597216,2.000000,3.000000,3.000000,3.000000,3.000000,3.000000
1574465678,22872,4,2.240000,1,0.663325,2.000000,3.000000,3.700000,4.000000,4.000000,4.000000
1574465679,22896,3,2.500000,2,0.510754,2.500000,3.000000,3.000000,3.000000,3.000000,3.000000
1574465680,22921,5,3.400000,2,0.645497,3.000000,4.000000,4.700000,5.000000,5.000000,5.000000
1574465681,22946,7,4.920000,3,1.552417,5.000000,6.500000,7.000000,7.000000,7.000000,7.000000
1574465682,22971,8,6.280000,3,1.173314,7.000000,7.000000,8.000000,8.000000,8.000000,8.000000
1574465683,22995,6,3.750000,3,0.737210,4.000000,4.000000,5.750000,6.000000,6.000000,6.000000
1574465684,23020,7,3.040000,2,0.978093,3.000000,3.000000,6.100000,7.000000,7.000000,7.000000
1574465685,23045,3,1.800000,1,0.577350,2.000000,2.000000,3.000000,3.000000,3.000000,3.000000
1574465686,23070,18,2.400000,1,3.304038,2.000000,2.000000,13.500000,18.000000,18.000000,18.000000
1574465687,23094,5,2.166667,1,0.916831,2.000000,3.000000,4.500000,5.000000,5.000000,5.000000
1574465688,23119,4,3.200000,2,0.500000,3.000000,3.500000,4.000000,4.000000,4.000000,4.000000
1574465689,23144,7,3.120000,2,0.832666,3.000000,3.000000,5.800000,7.000000,7.000000,7.000000
1574465690,23169,4,3.680000,3,0.476095,4.000000,4.000000,4.000000,4.000000,4.000000,4.000000
1574465691,23193,4,2.875000,2,0.797414,3.000000,3.750000,4.000000,4.000000,4.000000,4.000000
1574465692,23218,5,3.200000,2,0.816497,3.000000,4.000000,4.700000,5.000000,5.000000,5.000000
1574465693,23243,7,4.280000,2,1.429452,5.000000,5.500000,6.700000,7.000000,7.000000,7.000000
1574465694,23268,6,5.320000,4,0.748331,5.000000,6.000000,6.000000,6.000000,6.000000,6.000000
1574465695,23292,23,4.666667,3,3.974557,4.000000,4.750000,18.500000,23.000000,23.000000,23.000000
1574465696,23317,4,2.840000,2,0.624500,3.000000,3.000000,4.000000,4.000000,4.000000,4.000000
1574465697,23342,3,2.120000,1,0.439697,2.000000,2.000000,3.000000,3.000000,3.000000,3.000000
1574465698,23367,19,2.520000,1,3.477547,2.000000,2.000000,14.200000,19.000000,19.000000,19.000000
1574465699,23392,3,2.040000,1,0.734847,2.000000,3.000000,3.000000,3.000000,3.000000,3.000000
1574465700,23416,4,2.916667,2,0.583592,3.000000,3.000000,4.000000,4.000000,4.000000,4.000000
1574465701,23441,5,3.360000,2,0.637704,3.000000,4.000000,4.700000,5.000000,5.000000,5.000000
1574465702,23466,3,2.840000,2,0.374166,3.000000,3.000000,3.000000,3.000000,3.000000,3.000000
1574465703,23491,10,3.200000,2,1.527525,3.000000,3.000000,8.200000,10.000000,10.000000,10.000000
1574465704,23515,4,2.708333,1,0.750604,3.000000,3.000000,4.000000,4.000000,4.000000,4.000000
1574465705,23540,3,2.160000,1,0.472582,2.000000,2.000000,3.000000,3.000000,3.000000,3.000000
1574465706,23565,31,2.960000,1,5.862878,2.000000,2.000000,22.600000,31.000000,31.000000,31.000000
1574465707,23590,3,1.680000,1,0.627163,2.000000,2.000000,3.000000,3.000000,3.000000,3.000000
1574465708,23614,5,1.958333,1,1.041703,2.000000,2.000000,4.750000,5.000000,5.000000,5.000000
1574465709,23639,9,3.560000,2,1.445683,3.000000,4.000000,7.800000,9.000000,9.000000,9.000000
1574465710,23664,4,3.200000,2,0.500000,3.000000,3.500000,4.000000,4.000000,4.000000,4.000000
1574465711,23689,3,2.200000,1,0.707107,2.000000,3.000000,3.000000,3.000000,3.000000,3.000000
1574465712,23713,3,2.125000,1,0.612372,2.000000,2.750000,3.000000,3.000000,3.000000,3.000000
1574465713,23738,3,2.120000,1,0.665833,2.000000,3.000000,3.000000,3.000000,3.000000,3.000000
1574465714,23763,4,2.400000,1,0.763763,2.000000,3.000000,4.000000,4.000000,4.000000,4.000000
1574465715,23788,4,2.240000,1,0.663325,2.000000,3.000000,3.700000,4.000000,4.000000,4.000000
1574465716,23812,4,2.958333,2,0.624094,3.000000,3.000000,4.000000,4.000000,4.000000,4.000000
1574465717,23837,6,3.680000,2,0.945163,3.000000,4.000000,5.700000,6.000000,6.000000,6.000000
1574465718,23862,7,5.400000,3,1.080123,6.000000,6.000000,6.700000,7.000000,7.000000,7.000000
1574465719,23887,3,2.680000,2,0.476095,3.000000,3.000000,3.000000,3.000000,3.000000,3.000000
1574465720,23911,6,3.750000,2,1.188715,3.500000,5.000000,6.000000,6.000000,6.000000,6.000000
1574465721,23936,9,6.520000,5,0.962635,6.000000,7.000000,8.700000,9.000000,9.000000,9.000000
1574465722,23961,9,7.680000,5,0.852447,8.000000,8.000000,9.000000,9.000000,9.000000,9.000000
1574465723,23986,9,4.640000,2,2.079263,4.000000,6.500000,8.700000,9.000000,9.000000,9.000000
1574465724,24010,10,6.458333,2,2.750165,8.000000,9.000000,9.750000,10.000000,10.000000,10.000000
1574465725,24035,8,5.720000,4,1.568439,5.000000,7.000000,8.000000,8.000000,8.000000,8.000000
1574465726,24060,18,3.760000,2,3.058867,3.000000,3.500000,14.100000,18.000000,18.000000,18.000000
1574465727,24085,3,2.040000,1,0.611010,2.000000,2.000000,3.000000,3.000000,3.000000,3.000000
1574465728,24110,3,2.280000,1,0.613732,2.000000,3.000000,3.000000,3.000000,3.000000,3.000000
1574465729,24134,26,3.541667,2,4.818255,3.000000,3.000000,20.500000,26.000000,26.000000,26.000000
1574465730,24159,3,1.920000,1,0.702377,2.000000,2.000000,3.000000,3.000000,3.000000,3.000000
1574465731,24184,4,2.320000,1,0.627163,2.000000,3.000000,3.700000,4.000000,4.000000,4.000000
1574465732,24209,6,1.880000,1,0.971253,2.000000,2.000000,4.800000,6.000000,6.000000,6.000000
1574465733,24233,3,1.958333,1,0.358641,2.000000,2.000000,2.750000,3.000000,3.000000,3.000000
1574465734,24258,6,2.480000,1,0.962635,2.000000,3.000000,5.100000,6.000000,6.000000,6.000000
1574465735,24283,33,4.080000,2,6.061628,3.000000,3.000000,24.300000,33.000000,33.000000,33.000000
1574465736,24308,5,3.320000,2,0.802081,3.000000,4.000000,4.700000,5.000000,5.000000,5.000000
1574465737,24332,4,2.791667,2,0.721060,3.000000,3.000000,4.000000,4.000000,4.000000,4.000000
1574465738,24357,13,4.000000,2,2.000000,4.000000,4.000000,10.600000,13.000000,13.000000,13.000000
1574465739,24382,4,3.120000,1,0.832666,3.000000,4.000000,4.000000,4.000000,4.000000,4.000000
1574465740,24407,3,2.120000,1,0.439697,2.000000,2.000000,3.000000,3.000000,3.000000,3.000000
1574465741,24431,3,2.166667,1,0.564660,2.000000,2.750000,3.000000,3.000000,3.000000,3.000000
1574465742,24456,4,2.800000,2,0.645497,3.000000,3.000000,4.000000,4.000000,4.000000,4.000000
1574465743,24481,3,2.640000,2,0.489898,3.000000,3.000000,3.000000,3.000000,3.000000,3.000000
1574465744,24506,13,2.560000,1,2.237558,2.000000,2.500000,10.000000,13.000000,13.000000,13.000000
1574465745,24530,4,2.250000,1,0.675664,2.000000,3.000000,3.750000,4.000000,4.000000,4.000000
1574465746,24555,3,1.960000,1,0.351188,2.000000,2.000000,2.700000,3.000000,3.000000,3.000000
1574465747,24580,7,2.440000,1,1.260952,2.000000,3.000000,6.100000,7.000000,7.000000,7.000000
1574465748,24605,3,2.360000,1,0.568624,2.000000,3.000000,3.000000,3.000000,3.000000,3.000000
1574465749,24630,4,3.000000,2,0.645497,3.000000,3.000000,4.000000,4.000000,4.000000,4.000000
1574465750,24654,4,3.041667,2,0.358641,3.000000,3.000000,4.000000,4.000000,4.000000,4.000000
1574465751,24679,4,2.720000,2,0.613732,3.000000,3.000000,4.000000,4.000000,4.000000,4.000000
1574465752,24704,26,3.760000,1,4.684015,3.000000,3.000000,19.400000,26.000000,26.000000,26.000000
1574465753,24729,14,2.800000,1,2.397916,2.000000,3.000000,10.700000,14.000000,14.000000,14.000000
1574465754,24754,5,2.520000,1,0.918332,3.000000,3.000000,4.700000,5.000000,5.000000,5.000000
1574465755,24778,4,2.500000,1,0.722315,2.000000,3.000000,4.000000,4.000000,4.000000,4.000000
1574465756,24803,4,2.520000,1,0.770281,3.000000,3.000000,4.000000,4.000000,4.000000,4.000000
1574465757,24828,4,2.280000,1,0.613732,2.000000,3.000000,3.700000,4.000000,4.000000,4.000000
1574465758,24853,17,3.600000,1,3.415650,3.000000,3.000000,15.500000,17.000000,17.000000,17.000000
1574465759,24878,6,3.240000,2,0.925563,3.000000,4.000000,5.400000,6.000000,6.000000,6.000000
1574465760,24902,5,3.875000,2,0.612372,4.000000,4.000000,5.000000,5.000000,5.000000,5.000000
1574465761,24927,15,4.000000,3,2.362908,4.000000,4.000000,12.000000,15.000000,15.000000,15.000000
1574465762,24952,4,3.640000,3,0.489898,4.000000,4.000000,4.000000,4.000000,4.000000,4.000000
1574465763,24977,4,3.280000,2,0.613732,3.000000,4.000000,4.000000,4.000000,4.000000,4.000000
1574465764,25001,30,4.250000,2,5.510859,3.000000,3.750000,23.500000,30.000000,30.000000,30.000000
1574465765,25026,4,2.600000,2,0.577350,3.000000,3.000000,3.700000,4.000000,4.000000,4.000000
1574465766,25051,3,2.040000,1,0.538516,2.000000,2.000000,3.000000,3.000000,3.000000,3.000000
1574465767,25076,4,2.760000,1,0.778888,3.000000,3.000000,4.000000,4.000000,4.000000,4.000000
1574465768,25100,4,3.000000,2,0.589768,3.000000,3.000000,4.000000,4.000000,4.000000,4.000000
1574465769,25125,4,3.280000,2,0.613732,3.000000,4.000000,4.000000,4.000000,4.000000,4.000000
1574465770,25150,6,2.720000,2,0.890693,3.000000,3.000000,5.400000,6.000000,6.000000,6.000000
1574465771,25175,3,2.440000,2,0.506623,2.000000,3.000000,3.000000,3.000000,3.000000,3.000000
1574465772,25199,4,3.125000,3,0.337832,3.000000,3.000000,4.000000,4.000000,4.000000,4.000000
1574465773,25224,12,2.880000,2,1.985783,2.000000,3.000000,9.600000,12.000000,12.000000,12.000000
1574465774,25249,3,2.240000,2,0.435890,2.000000,2.500000,3.000000,3.000000,3.000000,3.000000
1574465775,25274,3,2.280000,1,0.541603,2.000000,3.000000,3.000000,3.000000,3.000000,3.000000
1574465776,25298,4,2.416667,1,0.880547,2.000000,3.000000,4.000000,4.000000,4.000000,4.000000
1574465777,25323,2,1.640000,1,0.489898,2.000000,2.000000,2.000000,2.000000,2.000000,2.000000
1574465778,25348,4,2.840000,1,0.898146,3.000000,3.500000,4.000000,4.000000,4.000000,4.000000
1574465779,25373,11,2.440000,1,1.916594,2.000000,2.500000,8.900000,11.000000,11.000000,11.000000
1574465780,25397,2,1.708333,1,0.464306,2.000000,2.000000,2.000000,2.000000,2.000000,2.000000
1574465781,25422,3,1.960000,1,0.351188,2.000000,2.000000,2.700000,3.000000,3.000000,3.000000
1574465782,25447,2,1.800000,1,0.408248,2.000000,2.000000,2.000000,2.000000,2.000000,2.000000
1574465783,25472,2,1.760000,1,0.435890,2.000000,2.000000,2.000000,2.000000,2.000000,2.000000
1574465784,25496,2,1.833333,1,0.380693,2.000000,2.000000,2.000000,2.000000,2.000000,2.000000
1574465785,25521,4,1.960000,1,0.734847,2.000000,2.000000,3.700000,4.000000,4.000000,4.000000
1574465786,25546,5,3.080000,2,0.812404,3.000000,4.000000,4.700000,5.000000,5.000000,5.000000
1574465787,25571,5,3.600000,3,0.577350,4.000000,4.000000,4.700000,5.000000,5.000000,5.000000
1574465788,25595,5,3.333333,3,0.564660,3.000000,4.000000,4.750000,5.000000,5.000000,5.000000
1574465789,25620,4,2.958333,2,0.464306,3.000000,3.000000,4.000000,4.000000,4.000000,4.000000
1574465790,25645,4,2.880000,2,0.525991,3.000000,3.000000,4.000000,4.000000,4.000000,4.000000
1574465791,25670,4,3.000000,2,0.577350,3.000000,3.000000,4.000000,4.000000,4.000000,4.000000
1574465792,25695,3,2.520000,2,0.509902,3.000000,3.000000,3.000000,3.000000,3.000000,3.000000
1574465793,25719,9,2.750000,2,1.421879,2.500000,3.000000,7.500000,9.000000,9.000000,9.000000
1574465794,25744,4,2.960000,2,0.734847,3.000000,3.500000,4.000000,4.000000,4.000000,4.000000
1574465795,25769,4,3.600000,3,0.500000,4.000000,4.000000,4.000000,4.000000,4.000000,4.000000
1574465796,25794,35,4.560000,3,6.357935,3.000000,4.000000,25.700000,35.000000,35.000000,35.000000
1574465797,25818,3,2.000000,1,0.659380,2.000000,2.000000,3.000000,3.000000,3.000000,3.000000
1574465798,25843,3,2.160000,1,0.553775,2.000000,2.500000,3.000000,3.000000,3.000000,3.000000
1574465799,25868,9,2.600000,2,1.414214,2.000000,3.000000,7.200000,9.000000,9.000000,9.000000
1574465800,25893,3,2.000000,1,0.408248,2.000000,2.000000,3.000000,3.000000,3.000000,3.000000
1574465801,25917,3,2.041667,1,0.464306,2.000000,2.000000,3.000000,3.000000,3.000000,3.000000
1574465802,25942,18,3.480000,1,3.124100,3.000000,3.500000,13.800000,18.000000,18.000000,18.000000
1574465803,25967,4,2.080000,1,0.812404,2.000000,3.000000,3.700000,4.000000,4.000000,4.000000
1574465804,25992,4,2.960000,1,0.934523,3.000000,4.000000,4.000000,4.000000,4.000000,4.000000
