initial_timestamp,duration
1574455549761,20
1574455549812,11
1574455549853,3
1574455549894,3
1574455549935,3
1574455549976,3
1574455550017,3
1574455550058,3
1574455550099,3
1574455550140,3
1574455550181,3
1574455550222,3
1574455550262,4
1574455550303,3
1574455550344,2
1574455550385,2
1574455550426,2
1574455550467,2
1574455550508,2
1574455550548,2
1574455550589,2
1574455550630,2
1574455550670,2
1574455550711,2
1574455550752,2
1574455550792,2
1574455550833,3
1574455550874,3
1574455550915,2
1574455550956,2
1574455550997,2
1574455551037,3
1574455551079,2
1574455551120,1
1574455551160,3
1574455551201,3
1574455551242,2
1574455551283,2
1574455551323,3
1574455551364,2
1574455551405,2
1574455551446,2
1574455551487,3
1574455551528,2
1574455551569,2
1574455551610,2
1574455551651,8
1574455551692,2
1574455551732,3
1574455551773,3
1574455551814,3
1574455551855,3
1574455551895,3
1574455551936,2
1574455551976,3
1574455552017,3
1574455552058,2
1574455552098,2
1574455552139,2
1574455552180,2
1574455552221,2
1574455552261,2
1574455552302,2
1574455552343,2
1574455552384,2
1574455552424,2
1574455552465,17
1574455552505,2
1574455552546,2
1574455552587,2
1574455552627,3
1574455552668,2
1574455552709,2
1574455552749,3
1574455552790,2
1574455552831,2
1574455552871,3
1574455552912,2
1574455552953,2
1574455552993,2
1574455553034,2
1574455553075,2
1574455553115,2
1574455553156,2
1574455553196,3
1574455553237,2
1574455553278,1
1574455553318,2
1574455553359,2
1574455553399,2
1574455553440,2
1574455553481,1
1574455553521,2
1574455553562,2
1574455553602,3
1574455553643,2
1574455553684,2
1574455553724,2
1574455553765,2
1574455553805,2
1574455553846,1
1574455553886,2
1574455553927,1
1574455553967,2
1574455554008,2
1574455554048,3
1574455554089,3
1574455554130,2
1574455554170,2
1574455554211,2
1574455554252,1
1574455554292,2
1574455554333,2
1574455554374,1
1574455554414,2
1574455554455,1
1574455554495,2
1574455554536,2
1574455554576,2
1574455554617,2
1574455554658,2
1574455554698,2
1574455554739,2
1574455554779,2
1574455554820,2
1574455554861,1
1574455554901,3
1574455554942,2
1574455554983,2
1574455555023,2
1574455555064,2
1574455555105,1
1574455555145,2
1574455555185,2
1574455555226,1
1574455555266,2
1574455555307,2
1574455555347,2
1574455555388,2
1574455555428,2
1574455555469,1
1574455555509,2
1574455555550,2
1574455555590,2
1574455555631,1
1574455555671,2
1574455555711,2
1574455555752,2
1574455555792,2
1574455555833,1
1574455555873,2
1574455555914,2
1574455555954,2
1574455555995,2
1574455556035,2
1574455556076,2
1574455556116,3
1574455556157,1
1574455556197,2
1574455556237,2
1574455556278,2
1574455556318,2
1574455556359,2
1574455556400,1
1574455556440,2
1574455556481,2
1574455556521,2
1574455556562,2
1574455556602,2
1574455556643,2
1574455556683,2
1574455556724,2
1574455556764,2
1574455556805,2
1574455556846,1
1574455556886,2
1574455556927,1
1574455556967,2
1574455557008,1
1574455557048,2
1574455557089,1
1574455557129,2
1574455557170,2
1574455557210,2
1574455557251,2
1574455557291,2
1574455557332,2
1574455557373,2
1574455557413,2
1574455557454,1
1574455557494,2
1574455557535,1
1574455557575,2
1574455557616,1
1574455557656,2
1574455557697,2
1574455557737,2
1574455557778,2
1574455557818,3
1574455557859,1
1574455557899,2
1574455557940,2
1574455557981,2
1574455558021,2
1574455558062,2
1574455558102,2
1574455558143,1
1574455558183,2
1574455558224,1
1574455558264,2
1574455558304,2
1574455558345,2
1574455558385,3
1574455558426,1
1574455558466,2
1574455558507,2
1574455558547,2
1574455558588,1
1574455558628,2
1574455558669,1
1574455558709,2
1574455558750,1
1574455558790,2
1574455558831,2
1574455558871,2
1574455558912,2
1574455558952,2
1574455558993,2
1574455559034,1
1574455559074,2
1574455559114,2
1574455559155,2
1574455559195,2
1574455559236,2
1574455559277,2
1574455559317,2
1574455559357,2
1574455559398,2
1574455559438,2
1574455559479,1
1574455559519,1
1574455559560,1
1574455559600,2
1574455559640,2
1574455559681,1
1574455559721,2
1574455559762,2
1574455559802,2
1574455559843,1
1574455559883,2
1574455559924,2
1574455559964,2
1574455560005,2
1574455560045,3
1574455560086,2
1574455560126,3
1574455560167,3
1574455560208,2
1574455560248,2
1574455560289,1
1574455560329,2
1574455560370,1
1574455560410,2
1574455560451,1
1574455560491,2
1574455560532,1
1574455560572,2
1574455560613,1
1574455560653,2
1574455560694,1
1574455560734,2
1574455560775,2
1574455560815,3
1574455560856,1
1574455560896,2
1574455560936,2
1574455560977,2
1574455561017,2
1574455561058,1
1574455561098,2
1574455561139,1
1574455561179,2
1574455561220,1
1574455561260,2
1574455561300,2
1574455561341,1
1574455561381,2
1574455561422,2
1574455561462,2
1574455561503,2
1574455561543,2
1574455561584,2
1574455561624,3
1574455561665,2
1574455561705,3
1574455561746,2
1574455561786,2
1574455561827,2
1574455561867,2
1574455561908,1
1574455561948,2
1574455561989,1
1574455562029,2
1574455562069,2
1574455562110,2
1574455562151,2
1574455562191,2
1574455562232,1
1574455562272,2
1574455562313,1
1574455562353,3
1574455562394,2
1574455562434,2
1574455562475,2
1574455562516,1
1574455562556,2
1574455562596,2
1574455562637,2
1574455562678,1
1574455562718,2
1574455562759,1
1574455562799,2
1574455562840,1
1574455562880,2
1574455562921,2
1574455562961,2
1574455563002,2
1574455563042,2
1574455563083,2
1574455563124,2
1574455563164,2
1574455563205,1
1574455563245,2
1574455563286,2
1574455563326,2
1574455563366,3
1574455563407,2
1574455563447,3
1574455563488,2
1574455563529,2
1574455563569,2
1574455563610,1
1574455563650,2
1574455563690,2
1574455563731,2
1574455563772,1
1574455563812,2
1574455563853,2
1574455563893,2
1574455563934,2
1574455563974,2
1574455564015,2
1574455564055,3
1574455564096,3
1574455564136,2
1574455564177,2
1574455564217,2
1574455564258,1
1574455564298,3
1574455564339,2
1574455564379,2
1574455564420,2
1574455564460,2
1574455564501,2
1574455564541,2
1574455564582,2
1574455564622,2
1574455564663,2
1574455564703,2
1574455564744,2
1574455564785,2
1574455564825,2
1574455564866,2
1574455564906,2
1574455564947,2
1574455564987,3
1574455565028,2
1574455565068,2
1574455565109,2
1574455565149,2
1574455565190,2
1574455565230,2
1574455565271,2
1574455565311,2
1574455565359,2
1574455565399,2
1574455565440,1
1574455565480,2
1574455565520,2
1574455565561,1
1574455565601,2
1574455565642,1
1574455565682,2
1574455565722,2
1574455565763,1
1574455565803,2
1574455565844,2
1574455565884,2
1574455565925,2
1574455565965,2
1574455566006,1
1574455566046,2
1574455566087,1
1574455566127,2
1574455566167,2
1574455566208,2
1574455566249,1
1574455566289,2
1574455566330,1
1574455566370,2
1574455566410,2
1574455566451,1
1574455566492,1
1574455566532,2
1574455566573,1
1574455566613,2
1574455566654,1
1574455566694,1
1574455566734,2
1574455566775,1
1574455566815,2
1574455566856,1
1574455566896,1
1574455566936,2
1574455566977,1
1574455567017,2
1574455567058,1
1574455567098,1
1574455567138,2
1574455567179,1
1574455567219,2
1574455567259,2
1574455567300,1
1574455567340,2
1574455567381,1
1574455567421,2
1574455567461,2
1574455567502,2
1574455567543,2
1574455567583,2
1574455567623,3
1574455567664,2
1574455567704,3
1574455567745,3
1574455567785,2
1574455567825,2
1574455567866,1
1574455567906,2
1574455567947,1
1574455567987,2
1574455568027,2
1574455568068,2
1574455568108,2
1574455568148,2
1574455568189,2
1574455568229,2
1574455568270,1
1574455568310,2
1574455568350,2
1574455568391,1
1574455568431,2
1574455568471,2
1574455568512,2
1574455568552,2
1574455568593,1
1574455568633,2
1574455568674,2
1574455568714,2
1574455568754,2
1574455568795,2
1574455568835,2
1574455568876,2
1574455568916,2
1574455568957,2
1574455568997,2
1574455569038,1
1574455569078,2
1574455569119,1
1574455569159,2
1574455569199,2
1574455569240,2
1574455569280,2
1574455569321,2
1574455569361,2
1574455569402,1
1574455569442,2
1574455569483,1
1574455569523,2
1574455569564,1
1574455569604,2
1574455569644,2
1574455569685,1
1574455569725,2
1574455569766,1
1574455569806,2
1574455569847,1
1574455569887,2
1574455569928,1
1574455569968,2
1574455570009,1
1574455570049,2
1574455570090,1
1574455570130,2
1574455570170,2
1574455570211,2
1574455570251,2
1574455570292,1
1574455570332,2
1574455570373,2
1574455570413,2
1574455570454,1
1574455570494,2
1574455570535,1
1574455570575,2
1574455570615,2
1574455570656,2
1574455570696,2
1574455570737,1
1574455570777,2
1574455570818,2
1574455570858,2
1574455570899,2
1574455570939,2
1574455570980,2
1574455571020,2
1574455571061,1
1574455571101,2
1574455571142,2
1574455571182,2
1574455571222,2
1574455571263,2
1574455571303,2
1574455571344,2
1574455571384,2
1574455571425,1
1574455571465,2
1574455571506,1
1574455571546,2
1574455571587,2
1574455571627,2
1574455571668,1
1574455571708,2
1574455571748,2
1574455571789,2
1574455571829,2
1574455571870,1
1574455571910,2
1574455571951,1
1574455571991,2
1574455572032,1
1574455572072,2
1574455572112,2
1574455572153,1
1574455572193,2
1574455572234,1
1574455572274,2
1574455572314,2
1574455572355,1
1574455572395,2
1574455572436,1
1574455572476,2
1574455572517,1
1574455572557,1
1574455572597,2
1574455572638,1
1574455572678,2
1574455572718,2
1574455572759,1
1574455572799,2
1574455572840,2
1574455572880,2
1574455572920,2
1574455572961,1
1574455573001,1
1574455573041,2
1574455573082,1
1574455573122,2
1574455573163,1
1574455573203,1
1574455573243,2
1574455573284,1
1574455573324,1
1574455573364,2
1574455573405,1
1574455573445,2
1574455573485,2
1574455573526,1
1574455573566,2
1574455573607,1
1574455573647,2
1574455573688,1
1574455573728,1
1574455573768,2
1574455573809,1
1574455573849,1
1574455573890,1
1574455573930,2
1574455573970,2
1574455574011,2
1574455574051,2
1574455574092,1
1574455574132,2
1574455574172,2
1574455574213,1
1574455574253,2
1574455574294,2
1574455574334,2
1574455574375,1
1574455574415,2
1574455574455,2
1574455574496,1
1574455574536,2
1574455574576,2
1574455574617,2
1574455574657,2
1574455574698,1
1574455574738,2
1574455574778,2
1574455574819,1
1574455574859,1
1574455574899,2
1574455574940,1
1574455574980,2
1574455575020,2
1574455575061,1
1574455575101,2
1574455575142,1
1574455575182,2
1574455575223,1
1574455575263,4
1574455575303,2
1574455575344,1
1574455575384,2
1574455575425,1
1574455575465,2
1574455575506,2
1574455575546,2
1574455575587,1
1574455575627,2
1574455575668,13
1574455575708,2
1574455575749,1
1574455575789,1
1574455575829,2
1574455575869,2
1574455575910,2
1574455575950,2
1574455575991,1
1574455576031,2
1574455576071,2
1574455576112,1
1574455576152,2
1574455576192,2
1574455576233,2
1574455576273,2
1574455576314,1
1574455576354,1
1574455576394,2
1574455576435,1
1574455576475,1
1574455576515,2
1574455576556,1
1574455576596,2
1574455576636,2
1574455576677,1
1574455576717,2
1574455576758,1
1574455576798,2
1574455576838,2
1574455576879,1
1574455576919,2
1574455576959,2
1574455577000,1
1574455577040,2
1574455577080,2
1574455577121,2
1574455577161,2
1574455577202,2
1574455577242,2
1574455577282,3
1574455577323,1
1574455577363,2
1574455577404,1
1574455577444,1
1574455577484,2
1574455577525,1
1574455577565,2
1574455577605,2
1574455577646,2
1574455577686,2
1574455577727,1
1574455577767,2
1574455577807,2
1574455577848,1
1574455577888,2
1574455577928,2
1574455577969,1
1574455578009,2
1574455578050,1
1574455578090,1
1574455578130,2
1574455578171,1
1574455578211,1
1574455578251,2
1574455578292,1
1574455578332,2
1574455578372,2
1574455578413,1
1574455578453,2
1574455578494,1
1574455578534,2
1574455578574,2
1574455578615,2
1574455578655,2
1574455578696,2
1574455578736,2
1574455578776,2
1574455578817,1
1574455578857,2
1574455578897,2
1574455578938,1
1574455578978,2
1574455579019,1
1574455579059,1
1574455579099,2
1574455579139,2
1574455579180,1
1574455579220,1
1574455579260,2
1574455579301,1
1574455579341,2
1574455579381,2
1574455579422,2
1574455579462,1
1574455579502,2
1574455579543,1
1574455579583,2
1574455579623,3
1574455579664,2
1574455579704,2
1574455579744,2
1574455579785,1
1574455579825,2
1574455579865,2
1574455579906,1
1574455579946,2
1574455579986,2
1574455580027,1
1574455580067,1
1574455580108,1
1574455580148,1
1574455580188,2
1574455580228,2
1574455580269,1
1574455580309,2
1574455580349,2
1574455580390,1
1574455580430,2
1574455580471,1
1574455580511,2
1574455580551,2
1574455580591,2
1574455580632,2
1574455580672,2
1574455580713,1
1574455580753,2
1574455580793,2
1574455580834,2
1574455580874,2
1574455580914,15
1574455580955,1
1574455580995,2
1574455581036,2
1574455581076,1
1574455581116,2
1574455581156,2
1574455581197,1
1574455581237,2
1574455581277,2
1574455581318,1
1574455581358,2
1574455581399,1
1574455581439,1
1574455581479,2
1574455581520,1
1574455581560,1
1574455581600,2
1574455581641,1
1574455581681,2
1574455581721,2
1574455581762,1
1574455581802,1
1574455581842,2
1574455581883,2
1574455581923,2
1574455581963,2
1574455582004,1
1574455582044,2
1574455582085,1
1574455582125,1
1574455582165,2
1574455582206,1
1574455582246,2
1574455582286,2
1574455582327,1
1574455582367,2
1574455582408,1
1574455582448,2
1574455582488,2
1574455582529,1
1574455582569,2
1574455582609,2
1574455582650,1
1574455582690,2
1574455582730,2
1574455582771,1
1574455582811,1
1574455582851,2
1574455582892,1
1574455582932,2
1574455582972,2
1574455583013,1
1574455583053,2
1574455583093,2
1574455583134,1
1574455583174,1
1574455583214,2
1574455583255,1
1574455583295,2
1574455583335,2
1574455583376,1
1574455583416,2
1574455583456,2
1574455583496,2
1574455583537,1
1574455583577,1
1574455583617,2
1574455583658,1
1574455583698,1
1574455583738,3
1574455583779,2
1574455583819,3
1574455583860,1
1574455583900,3
1574455583940,2
1574455583981,2
1574455584021,2
1574455584062,2
1574455584102,2
1574455584142,2
1574455584183,2
1574455584223,2
1574455584264,2
1574455584304,3
1574455584345,2
1574455584385,1
1574455584425,2
1574455584465,3
1574455584506,2
1574455584546,2
1574455584587,1
1574455584627,2
1574455584667,2
1574455584708,1
1574455584748,2
1574455584788,2
1574455584829,1
1574455584869,2
1574455584909,2
1574455584950,1
1574455584990,2
1574455585030,2
1574455585071,1
1574455585111,2
1574455585151,2
1574455585192,1
1574455585232,1
1574455585272,2
1574455585313,1
1574455585353,2
1574455585393,2
1574455585434,1
1574455585474,2
1574455585514,2
1574455585555,2
1574455585595,2
1574455585635,2
1574455585676,2
1574455585716,2
1574455585757,12
1574455585797,2
1574455585838,1
1574455585878,2
1574455585918,2
1574455585959,1
1574455585999,2
1574455586040,2
1574455586080,2
1574455586120,3
1574455586160,2
1574455586201,1
1574455586241,2
1574455586281,2
1574455586322,2
1574455586362,2
1574455586402,2
1574455586443,1
1574455586483,2
1574455586523,3
1574455586564,2
1574455586604,2
1574455586644,2
1574455586685,2
1574455586725,2
1574455586765,2
1574455586806,1
1574455586846,1
1574455586886,2
1574455586926,2
1574455586967,2
1574455587007,3
1574455587047,3
1574455587088,2
1574455587128,2
1574455587168,2
1574455587209,2
1574455587249,2
1574455587289,2
1574455587330,1
1574455587370,2
1574455587410,2
1574455587451,1
1574455587491,1
1574455587531,2
1574455587572,1
1574455587612,1
1574455587652,2
1574455587693,1
1574455587733,2
1574455587773,2
1574455587814,1
1574455587854,1
1574455587894,2
1574455587935,1
1574455587975,2
1574455588015,2
1574455588056,1
1574455588096,1
1574455588136,2
1574455588176,2
1574455588217,1
1574455588257,2
1574455588297,2
1574455588338,1
1574455588378,1
1574455588418,2
1574455588459,1
1574455588499,2
1574455588539,2
1574455588580,1
1574455588620,1
1574455588660,1
1574455588701,1
1574455588741,1
1574455588781,2
1574455588821,2
1574455588862,2
1574455588902,2
1574455588942,2
1574455588983,1
1574455589023,2
1574455589064,1
1574455589104,1
1574455589144,2
1574455589185,1
1574455589225,2
1574455589265,2
1574455589305,3
1574455589346,1
1574455589386,2
1574455589426,2
1574455589467,1
1574455589507,2
1574455589547,2
1574455589588,1
1574455589628,1
1574455589668,2
1574455589709,1
1574455589749,2
1574455589789,2
1574455589829,3
1574455589870,1
1574455589910,2
1574455589950,2
1574455589991,1
1574455590031,1
1574455590071,2
1574455590112,1
1574455590152,2
1574455590192,2
1574455590233,1
1574455590273,1
1574455590313,2
1574455590354,1
1574455590394,1
1574455590434,2
1574455590475,1
1574455590515,2
1574455590555,3
1574455590596,2
1574455590636,2
1574455590676,2
1574455590717,1
1574455590757,1
1574455590797,2
1574455590838,2
1574455590878,2
1574455590918,2
1574455590959,2
1574455590999,2
1574455591039,2
1574455591079,2
1574455591120,1
1574455591160,2
1574455591200,2
1574455591241,2
1574455591281,2
1574455591321,3
1574455591362,1
1574455591402,1
1574455591442,2
1574455591483,2
1574455591523,1
1574455591563,2
1574455591604,1
1574455591644,2
1574455591685,2
1574455591725,2
1574455591765,2
1574455591806,1
1574455591846,2
1574455591886,2
1574455591927,1
1574455591967,1
1574455592007,2
1574455592048,1
1574455592088,1
1574455592128,2
1574455592169,1
1574455592209,2
1574455592249,1
1574455592290,1
1574455592330,1
1574455592370,2
1574455592411,1
1574455592451,2
1574455592491,2
1574455592532,1
1574455592572,2
1574455592612,2
1574455592653,1
1574455592693,1
1574455592733,2
1574455592773,2
1574455592814,1
1574455592854,2
1574455592894,2
1574455592935,1
1574455592975,2
1574455593015,2
1574455593056,1
1574455593096,2
1574455593136,2
1574455593177,1
1574455593217,2
1574455593257,2
1574455593298,1
1574455593338,1
1574455593378,2
1574455593419,2
1574455593459,1
1574455593499,1
1574455593539,2
1574455593580,2
1574455593620,1
1574455593660,2
1574455593701,1
1574455593741,1
1574455593781,2
1574455593822,1
1574455593862,1
1574455593902,2
1574455593943,1
1574455593983,2
1574455594023,2
1574455594064,1
1574455594104,1
1574455594144,2
1574455594185,1
1574455594225,2
1574455594266,1
1574455594306,2
1574455594346,2
1574455594387,1
1574455594427,2
1574455594467,2
1574455594508,1
1574455594548,1
1574455594588,2
1574455594628,2
1574455594669,2
1574455594709,2
1574455594749,3
1574455594790,2
1574455594830,2
1574455594870,2
1574455594910,3
1574455594951,2
1574455594991,2
1574455595031,2
1574455595072,1
1574455595112,1
1574455595152,2
1574455595193,1
1574455595233,1
1574455595273,2
1574455595313,2
1574455595354,1
1574455595394,2
1574455595434,2
1574455595475,1
1574455595515,1
1574455595555,1
1574455595595,2
1574455595636,1
1574455595676,1
1574455595716,2
1574455595756,2
1574455595797,1
1574455595837,1
1574455595877,2
1574455595918,1
1574455595958,1
1574455595998,2
1574455596038,2
1574455596079,2
1574455596119,2
1574455596159,2
1574455596200,1
1574455596240,1
1574455596280,1
1574455596320,2
1574455596361,1
1574455596401,1
1574455596441,2
1574455596482,1
1574455596522,1
1574455596562,2
1574455596602,2
1574455596643,2
1574455596683,2
1574455596724,1
1574455596764,1
1574455596804,2
1574455596845,1
1574455596885,1
1574455596925,2
1574455596966,1
1574455597006,1
1574455597046,2
1574455597086,2
1574455597127,1
1574455597167,2
1574455597207,2
1574455597248,1
1574455597288,1
1574455597328,2
1574455597369,1
1574455597409,1
1574455597449,2
1574455597490,1
1574455597530,1
1574455597570,2
1574455597610,2
1574455597651,1
1574455597691,2
1574455597731,2
1574455597772,2
1574455597812,1
1574455597852,2
1574455597892,2
1574455597933,2
1574455597973,2
1574455598013,2
1574455598054,2
1574455598094,2
1574455598134,2
1574455598175,1
1574455598215,1
1574455598255,2
1574455598295,2
1574455598336,1
1574455598376,2
1574455598416,2
1574455598457,1
1574455598497,1
1574455598537,1
1574455598577,2
1574455598618,1
1574455598658,1
1574455598698,2
1574455598739,1
1574455598779,1
1574455598819,2
1574455598859,2
1574455598900,1
1574455598940,1
1574455598980,2
1574455599021,1
1574455599061,1
1574455599101,2
1574455599141,2
1574455599182,2
1574455599222,2
1574455599262,2
1574455599303,1
1574455599343,1
1574455599383,2
1574455599424,1
1574455599464,1
1574455599504,2
1574455599544,2
1574455599585,1
1574455599625,2
1574455599665,1
1574455599706,1
1574455599746,1
1574455599786,2
1574455599827,1
1574455599867,1
1574455599907,2
1574455599947,2
1574455599988,1
1574455600028,1
1574455600068,2
1574455600109,2
1574455600149,2
1574455600189,1
1574455600229,2
1574455600270,2
1574455600310,2
1574455600350,2
1574455600391,1
1574455600431,1
1574455600471,2
1574455600512,2
1574455600552,3
1574455600593,1
1574455600633,1
1574455600673,2
1574455600713,2
1574455600754,1
1574455600794,2
1574455600834,2
1574455600875,2
1574455600915,2
1574455600955,2
1574455600995,2
1574455601036,1
1574455601076,1
1574455601116,2
1574455601157,1
1574455601197,2
1574455601238,1
1574455601278,2
1574455601318,1
1574455601358,2
1574455601399,1
1574455601439,1
1574455601479,2
1574455601520,1
1574455601560,2
1574455601600,2
1574455601641,1
1574455601681,2
1574455601721,2
1574455601762,1
1574455601802,2
1574455601842,2
1574455601883,1
1574455601923,1
1574455601963,2
1574455602004,1
1574455602044,1
1574455602084,2
1574455602125,12
1574455602165,1
1574455602205,2
1574455602246,1
1574455602286,1
1574455602326,1
1574455602366,2
1574455602407,1
1574455602447,1
1574455602487,2
1574455602528,1
1574455602568,1
1574455602608,1
1574455602648,2
1574455602689,1
1574455602729,1
1574455602769,1
1574455602809,2
1574455602850,1
1574455602890,2
1574455602930,2
1574455602971,2
1574455603011,1
1574455603051,1
1574455603091,2
1574455603132,1
1574455603172,2
1574455603212,2
1574455603253,2
1574455603293,2
1574455603333,3
1574455603374,2
1574455603414,2
1574455603454,2
1574455603494,4
1574455603535,2
1574455603575,3
1574455603615,2
1574455603656,1
1574455603696,1
1574455603736,2
1574455603777,1
1574455603817,1
1574455603857,2
1574455603897,21
1574455603938,1
1574455603978,2
1574455604018,2
1574455604059,1
1574455604099,2
1574455604139,2
1574455604179,3
1574455604220,2
1574455604260,2
1574455604300,3
1574455604341,1
1574455604381,2
1574455604421,2
1574455604461,2
1574455604502,1
1574455604542,1
1574455604582,2
1574455604623,2
1574455604663,2
1574455604703,2
1574455604744,1
1574455604784,1
1574455604824,2
1574455604865,2
1574455604905,2
1574455604945,2
1574455604985,2
1574455605026,2
1574455605066,2
1574455605106,2
1574455605146,1
1574455605187,1
1574455605227,1
1574455605267,2
1574455605308,1
1574455605348,1
1574455605388,2
1574455605429,1
1574455605469,1
1574455605509,2
1574455605549,2
1574455605590,1
1574455605630,2
1574455605670,2
1574455605710,2
1574455605751,2
1574455605791,1
1574455605831,2
1574455605871,2
1574455605912,2
1574455605952,1
1574455605992,2
1574455606033,1
1574455606073,1
1574455606113,2
1574455606153,3
1574455606194,1
1574455606234,1
1574455606274,2
1574455606314,2
1574455606355,1
1574455606395,1
1574455606435,1
1574455606476,1
1574455606516,2
1574455606556,2
1574455606597,1
1574455606637,2
1574455606677,2
1574455606717,2
1574455606758,1
1574455606798,2
1574455606838,2
1574455606879,1
1574455606919,1
1574455606959,2
1574455606999,2
1574455607040,1
1574455607080,2
1574455607120,2
1574455607161,2
1574455607201,1
1574455607241,1
1574455607281,2
1574455607322,1
1574455607362,1
1574455607402,1
1574455607442,2
1574455607483,1
1574455607523,1
1574455607563,2
1574455607604,1
1574455607644,1
1574455607684,2
1574455607724,2
1574455607765,1
1574455607805,2
1574455607845,2
1574455607885,2
1574455607926,1
1574455607966,1
1574455608006,2
1574455608047,1
1574455608087,1
1574455608127,2
1574455608167,2
1574455608208,1
1574455608248,1
1574455608288,1
1574455608328,2
1574455608369,1
1574455608409,1
1574455608449,2
1574455608489,1
1574455608530,1
1574455608570,2
1574455608610,2
1574455608650,2
1574455608691,1
1574455608731,2
1574455608771,2
1574455608812,1
1574455608852,1
1574455608892,2
1574455608933,1
1574455608973,1
1574455609013,2
1574455609053,7
1574455609094,1
1574455609134,2
1574455609174,2
1574455609215,1
1574455609255,1
1574455609295,2
1574455609335,2
1574455609376,1
1574455609416,1
1574455609456,2
1574455609496,2
1574455609537,1
1574455609577,2
1574455609617,2
1574455609658,1
1574455609698,1
1574455609738,2
1574455609779,1
1574455609819,1
1574455609859,2
1574455609899,2
1574455609940,1
1574455609980,1
1574455610020,2
1574455610060,2
1574455610101,1
1574455610141,2
1574455610181,2
1574455610221,2
1574455610262,1
1574455610302,2
1574455610342,2
1574455610383,2
1574455610423,1
1574455610463,2
1574455610503,2
1574455610544,2
1574455610584,2
1574455610625,1
1574455610665,1
1574455610705,13
1574455610746,2
1574455610786,2
1574455610826,2
1574455610867,2
1574455610907,3
1574455610948,2
1574455610988,2
1574455611028,2
1574455611068,3
1574455611109,2
1574455611149,2
1574455611189,2
1574455611229,2
1574455611270,2
1574455611310,2
1574455611350,3
1574455611391,2
1574455611431,2
1574455611471,1
1574455611511,2
1574455611552,1
1574455611592,1
1574455611632,2
1574455611673,1
1574455611713,1
1574455611753,2
1574455611794,1
1574455611834,1
1574455611874,2
1574455611915,1
1574455611955,1
1574455611995,1
1574455612035,2
1574455612076,1
1574455612116,1
1574455612156,2
1574455612197,1
1574455612237,2
1574455612277,2
1574455612317,2
1574455612358,2
1574455612398,2
1574455612438,2
1574455612479,2
1574455612519,1
1574455612559,2
1574455612599,3
1574455612640,2
1574455612680,2
1574455612720,2
1574455612761,1
1574455612801,2
1574455612841,2
1574455612882,1
1574455612922,1
1574455612962,2
1574455613002,2
1574455613043,1
1574455613083,2
1574455613123,2
1574455613163,2
1574455613204,1
1574455613244,1
1574455613284,2
1574455613325,1
1574455613365,1
1574455613405,2
1574455613446,1
1574455613486,1
1574455613526,2
1574455613566,3
1574455613607,2
1574455613647,2
1574455613687,3
1574455613727,3
1574455613768,2
1574455613808,2
1574455613848,3
1574455613889,2
1574455613929,1
1574455613969,2
1574455614009,2
1574455614050,1
1574455614090,2
1574455614130,2
1574455614171,1
1574455614211,1
1574455614251,2
1574455614292,1
1574455614332,2
1574455614372,2
1574455614412,2
1574455614453,1
1574455614493,2
1574455614533,2
1574455614574,2
1574455614614,2
1574455614654,2
1574455614695,2
1574455614735,1
1574455614775,2
1574455614816,1
1574455614856,1
1574455614896,2
1574455614936,2
1574455614977,1
1574455615017,1
1574455615057,2
1574455615097,2
1574455615138,1
1574455615178,1
1574455615218,2
1574455615258,2
1574455615299,1
1574455615339,2
1574455615379,2
1574455615420,1
1574455615460,1
1574455615500,1
1574455615540,2
1574455615581,1
1574455615621,1
1574455615661,2
1574455615701,2
1574455615742,1
1574455615782,2
1574455615822,2
1574455615862,3
1574455615903,2
1574455615943,3
1574455615983,3
1574455616024,3
1574455616064,1
1574455616104,2
1574455616144,3
1574455616185,1
1574455616225,2
1574455616265,2
1574455616306,1
1574455616346,2
1574455616386,2
1574455616426,2
1574455616467,1
1574455616507,1
1574455616547,2
1574455616588,1
1574455616628,2
1574455616668,2
1574455616709,1
1574455616749,1
1574455616789,1
1574455616829,2
1574455616870,1
1574455616910,2
1574455616950,2
1574455616990,2
1574455617031,1
1574455617071,1
1574455617111,2
1574455617152,1
1574455617192,1
1574455617232,2
1574455617273,1
1574455617313,1
1574455617353,2
1574455617394,1
1574455617434,1
1574455617474,2
1574455617514,2
1574455617555,1
1574455617595,1
1574455617635,2
1574455617676,1
1574455617716,1
1574455617756,2
1574455617796,2
1574455617837,1
1574455617877,2
1574455617917,2
1574455617958,1
1574455617998,1
1574455618038,1
1574455618078,2
1574455618119,1
1574455618159,2
1574455618199,2
1574455618239,2
1574455618280,2
1574455618320,2
1574455618360,2
1574455618400,3
1574455618441,2
1574455618481,3
1574455618521,4
1574455618561,2
1574455618602,3
1574455618642,3
1574455618682,3
1574455618723,3
1574455618763,2
1574455618803,2
1574455618843,2
1574455618884,1
1574455618924,1
1574455618964,2
1574455619005,1
1574455619045,1
1574455619085,2
1574455619125,2
1574455619166,1
1574455619206,2
1574455619246,2
1574455619287,2
1574455619327,2
1574455619367,3
1574455619408,1
1574455619448,1
1574455619488,2
1574455619528,2
1574455619569,1
1574455619609,2
1574455619649,2
1574455619690,2
1574455619730,2
1574455619771,2
1574455619811,2
1574455619851,2
1574455619891,2
1574455619932,2
1574455619972,2
1574455620013,1
1574455620053,11
1574455620093,2
1574455620134,1
1574455620174,2
1574455620214,2
1574455620255,1
1574455620295,2
1574455620335,2
1574455620376,1
1574455620416,2
1574455620456,2
1574455620496,2
1574455620537,1
1574455620577,2
1574455620617,3
1574455620658,2
1574455620698,3
1574455620738,2
1574455620778,3
1574455620819,1
1574455620859,1
1574455620899,2
1574455620940,2
1574455620980,2
1574455621020,2
1574455621060,2
1574455621101,1
1574455621141,2
1574455621181,1
1574455621222,1
1574455621262,1
1574455621302,2
1574455621343,1
1574455621383,2
1574455621423,1
1574455621464,1
1574455621504,4
1574455621544,1
1574455621585,1
1574455621625,1
1574455621665,2
1574455621705,2
1574455621746,2
1574455621786,2
1574455621826,2
1574455621867,1
1574455621907,1
1574455621947,2
1574455621988,1
1574455622028,1
1574455622068,2
1574455622109,1
1574455622149,1
1574455622189,2
1574455622230,2
1574455622270,2
1574455622310,2
1574455622350,2
1574455622391,2
1574455622431,2
1574455622471,2
1574455622512,1
1574455622552,1
1574455622592,2
1574455622633,1
1574455622673,1
1574455622713,2
1574455622754,1
1574455622794,2
1574455622834,2
1574455622875,1
1574455622915,2
1574455622955,2
1574455622996,1
1574455623036,2
1574455623076,2
1574455623116,2
1574455623157,1
1574455623197,2
1574455623237,2
1574455623278,1
1574455623318,2
1574455623358,2
1574455623399,1
1574455623439,1
1574455623479,2
1574455623520,1
1574455623560,2
1574455623600,2
1574455623641,1
1574455623681,1
1574455623721,1
1574455623761,1
1574455623802,1
1574455623842,1
1574455623882,1
1574455623922,2
1574455623963,1
1574455624003,2
1574455624043,2
1574455624084,1
1574455624124,1
1574455624164,2
1574455624205,1
1574455624245,1
1574455624285,2
1574455624325,2
1574455624366,8
1574455624406,1
1574455624446,2
1574455624487,1
1574455624527,1
1574455624567,2
1574455624607,2
1574455624648,1
1574455624688,2
1574455624728,2
1574455624769,1
1574455624809,1
1574455624849,2
1574455624889,2
1574455624930,2
1574455624970,2
1574455625010,3
1574455625051,2
1574455625091,2
1574455625131,2
1574455625171,2
1574455625212,1
1574455625252,1
1574455625292,2
1574455625333,1
1574455625373,1
1574455625413,2
1574455625454,1
1574455625494,1
1574455625534,2
1574455625575,1
1574455625615,2
1574455625655,2
1574455625695,2
1574455625736,1
1574455625776,1
1574455625816,2
1574455625857,1
1574455625897,2
1574455625937,3
1574455625977,3
1574455626018,2
1574455626058,3
1574455626098,3
1574455626139,2
1574455626179,2
1574455626219,2
1574455626259,3
1574455626300,2
1574455626340,2
1574455626380,3
1574455626421,2
1574455626461,3
1574455626501,3
1574455626542,2
1574455626582,1
1574455626622,2
1574455626663,1
1574455626703,2
1574455626743,1
1574455626783,3
1574455626824,1
1574455626864,2
1574455626904,2
1574455626944,2
1574455626985,2
1574455627025,2
1574455627065,2
1574455627106,1
1574455627146,5
1574455627186,2
1574455627227,1
1574455627267,1
1574455627307,1
1574455627348,1
1574455627388,1
1574455627428,2
1574455627468,2
1574455627509,1
1574455627549,2
1574455627589,2
1574455627630,1
1574455627670,2
1574455627710,2
1574455627751,2
1574455627791,2
1574455627831,2
1574455627871,2
1574455627912,1
1574455627952,2
1574455627992,2
1574455628032,2
1574455628073,1
1574455628113,2
1574455628153,2
1574455628194,1
1574455628234,1
1574455628274,2
1574455628315,1
1574455628355,1
1574455628395,1
1574455628435,2
1574455628476,1
1574455628516,2
1574455628556,2
1574455628597,1
1574455628637,2
1574455628677,2
1574455628718,1
1574455628758,2
1574455628798,2
1574455628839,2
1574455628879,2
1574455628919,2
1574455628959,2
1574455629000,1
1574455629040,2
1574455629080,2
1574455629121,1
1574455629161,2
1574455629201,2
1574455629242,1
1574455629282,2
1574455629322,2
1574455629363,1
1574455629403,2
1574455629443,1
1574455629483,2
1574455629524,1
1574455629564,1
1574455629604,2
1574455629644,2
1574455629685,1
1574455629725,2
1574455629765,2
1574455629806,2
1574455629846,3
1574455629886,2
1574455629927,1
1574455629967,1
1574455630007,1
1574455630047,2
1574455630088,1
1574455630128,2
1574455630168,2
1574455630209,1
1574455630249,2
1574455630289,2
1574455630329,3
1574455630370,2
1574455630410,3
1574455630450,2
1574455630491,1
1574455630531,1
1574455630571,2
1574455630611,2
1574455630652,1
1574455630692,2
1574455630732,2
1574455630773,1
1574455630813,2
1574455630853,3
1574455630894,2
1574455630934,2
1574455630974,3
1574455631015,2
1574455631055,2
1574455631095,2
1574455631135,3
1574455631176,4
1574455631216,3
1574455631256,2
1574455631296,2
1574455631337,1
1574455631377,2
1574455631417,2
1574455631458,2
1574455631498,2
1574455631538,2
1574455631579,2
1574455631619,2
1574455631659,2
1574455631700,1
1574455631740,2
1574455631780,2
1574455631821,1
1574455631861,1
1574455631901,2
1574455631941,2
1574455631982,2
1574455632022,2
1574455632062,2
1574455632103,1
1574455632143,2
1574455632183,2
1574455632224,1
1574455632264,2
1574455632304,3
1574455632344,3
1574455632385,1
1574455632425,2
1574455632465,2
1574455632506,1
1574455632546,2
1574455632586,2
1574455632627,1
1574455632667,2
1574455632707,2
1574455632747,3
1574455632788,2
1574455632828,3
1574455632868,3
1574455632909,1
1574455632949,2
1574455632989,2
1574455633030,1
1574455633070,1
1574455633110,2
1574455633150,2
1574455633191,1
1574455633231,2
1574455633271,2
1574455633312,1
1574455633352,1
1574455633392,2
1574455633432,2
1574455633473,2
1574455633513,3
1574455633553,3
1574455633594,2
1574455633634,2
1574455633674,3
1574455633714,3
1574455633755,1
1574455633795,9
1574455633835,2
1574455633875,2
1574455633916,1
1574455633956,1
1574455633996,2
1574455634037,1
1574455634077,2
1574455634117,2
1574455634158,1
1574455634198,2
1574455634238,2
1574455634278,3
1574455634319,1
1574455634359,2
1574455634399,2
1574455634439,3
1574455634480,2
1574455634520,2
1574455634560,3
1574455634601,2
1574455634641,2
1574455634681,2
1574455634722,1
1574455634762,1
1574455634802,2
1574455634842,3
1574455634883,1
1574455634923,1
1574455634963,2
1574455635003,2
1574455635044,2
1574455635084,1
1574455635124,5
1574455635165,1
1574455635205,1
1574455635245,1
1574455635286,1
1574455635326,1
1574455635366,2
1574455635406,2
1574455635447,1
1574455635487,1
1574455635527,1
1574455635567,2
1574455635608,1
1574455635648,1
1574455635688,2
1574455635728,2
1574455635769,2
1574455635809,2
1574455635849,2
1574455635890,2
1574455635930,2
1574455635970,2
1574455636011,1
1574455636051,1
1574455636091,2
1574455636131,2
1574455636172,1
1574455636212,1
1574455636252,2
1574455636293,1
1574455636333,2
1574455636373,2
1574455636413,21
1574455636454,2
1574455636494,2
1574455636534,3
1574455636574,3
1574455636615,3
1574455636655,2
1574455636695,3
1574455636736,2
1574455636776,2
1574455636816,3
1574455636856,3
1574455636897,2
1574455636937,3
1574455636977,3
1574455637018,2
1574455637058,2
1574455637098,1
1574455637138,3
1574455637179,2
1574455637219,2
1574455637259,2
1574455637299,3
1574455637340,2
1574455637380,2
1574455637420,2
1574455637461,2
1574455637501,2
1574455637541,2
1574455637582,1
1574455637622,2
1574455637662,3
1574455637703,9
1574455637743,2
1574455637783,3
1574455637823,3
1574455637864,1
1574455637904,1
1574455637944,2
1574455637985,1
1574455638025,1
1574455638065,1
1574455638105,2
1574455638146,1
1574455638186,2
1574455638226,2
1574455638267,1
1574455638307,2
1574455638347,2
1574455638387,2
1574455638428,2
1574455638468,1
1574455638508,2
1574455638549,1
1574455638589,1
1574455638629,1
1574455638669,2
1574455638710,1
1574455638750,2
1574455638790,2
1574455638831,1
1574455638871,1
1574455638911,1
1574455638951,22
1574455638992,2
1574455639032,1
1574455639072,2
1574455639113,1
1574455639153,1
1574455639193,2
1574455639234,1
1574455639274,1
1574455639314,2
1574455639354,2
1574455639395,1
1574455639435,1
1574455639475,2
1574455639516,1
1574455639556,2
1574455639596,2
1574455639636,3
1574455639677,2
1574455639717,2
1574455639757,3
1574455639798,2
1574455639838,3
1574455639878,3
1574455639918,3
1574455639959,2
1574455639999,2
1574455640039,2
1574455640080,1
1574455640120,1
1574455640160,1
1574455640200,24
1574455640241,1
1574455640281,2
1574455640321,2
1574455640361,2
1574455640402,2
1574455640442,2
1574455640482,4
1574455640522,3
1574455640563,3
1574455640603,3
1574455640643,3
1574455640683,4
1574455640724,2
1574455640764,3
1574455640804,2
1574455640845,3
1574455640885,2
1574455640925,2
1574455640965,3
1574455641006,2
1574455641046,3
1574455641086,2
1574455641127,2
1574455641167,2
1574455641207,3
1574455641247,3
1574455641288,2
1574455641328,2
1574455641368,3
1574455641409,2
1574455641449,2
1574455641489,2
1574455641529,2
1574455641570,2
1574455641610,1
1574455641650,2
1574455641691,2
1574455641731,2
1574455641771,3
1574455641811,3
1574455641852,2
1574455641892,2
1574455641932,2
1574455641973,1
1574455642013,2
1574455642053,2
1574455642093,3
1574455642134,2
1574455642174,3
1574455642214,2
1574455642254,2
1574455642295,1
1574455642335,2
1574455642375,2
1574455642416,2
1574455642456,2
1574455642496,2
1574455642537,1
1574455642577,2
1574455642617,2
1574455642658,2
1574455642698,1
1574455642738,1
1574455642779,1
1574455642819,2
1574455642859,2
1574455642899,2
1574455642940,2
1574455642980,2
1574455643020,2
1574455643061,2
1574455643101,1
1574455643141,2
1574455643182,1
1574455643222,1
1574455643262,2
1574455643303,1
1574455643343,2
1574455643383,2
1574455643424,1
1574455643464,1
1574455643504,1
1574455643544,2
1574455643585,1
1574455643625,1
1574455643665,2
1574455643706,1
1574455643746,2
1574455643786,2
1574455643827,1
1574455643867,1
1574455643907,1
1574455643947,2
1574455643988,1
1574455644028,2
1574455644068,2
1574455644109,1
1574455644149,1
1574455644189,2
1574455644230,1
1574455644270,2
1574455644310,2
1574455644351,1
1574455644391,2
1574455644431,2
1574455644472,1
1574455644512,2
1574455644552,2
1574455644592,2
1574455644633,2
1574455644673,2
1574455644713,2
1574455644753,3
1574455644794,2
1574455644834,3
1574455644874,2
1574455644915,1
1574455644955,2
1574455644995,2
1574455645035,24
1574455645076,2
1574455645116,1
1574455645156,1
1574455645196,2
1574455645237,1
1574455645277,2
1574455645317,2
1574455645357,2
1574455645398,2
1574455645438,2
1574455645478,2
1574455645519,1
1574455645559,1
1574455645599,2
1574455645639,2
1574455645680,1
1574455645720,2
1574455645760,3
1574455645800,3
1574455645841,2
1574455645881,2
1574455645921,3
1574455645962,1
1574455646002,1
1574455646042,1
1574455646082,2
1574455646123,1
1574455646163,1
1574455646203,2
1574455646244,10
1574455646284,2
1574455646324,2
1574455646365,3
1574455646405,1
1574455646445,1
1574455646486,1
1574455646526,1
1574455646566,2
1574455646607,1
1574455646647,1
1574455646687,2
1574455646727,2
1574455646768,2
1574455646808,3
1574455646848,3
1574455646888,3
1574455646929,2
1574455646969,3
1574455647009,4
1574455647050,2
1574455647090,2
1574455647130,4
1574455647171,1
1574455647211,2
1574455647251,2
1574455647291,2
1574455647332,2
1574455647372,2
1574455647412,28
1574455647453,1
1574455647493,1
1574455647533,2
1574455647574,1
1574455647614,2
1574455647654,2
1574455647695,1
1574455647735,1
1574455647775,1
1574455647815,2
1574455647856,1
1574455647896,2
1574455647936,2
1574455647977,2
1574455648017,2
1574455648057,2
1574455648097,3
1574455648138,2
1574455648178,2
1574455648218,2
1574455648258,2
1574455648299,2
1574455648339,1
1574455648379,2
1574455648419,2
1574455648460,1
1574455648500,2
1574455648540,2
1574455648581,30
1574455648621,2
1574455648661,1
1574455648702,1
1574455648742,1
1574455648782,1
1574455648822,2
1574455648863,1
1574455648903,2
1574455648943,2
1574455648984,1
1574455649024,1
1574455649064,2
1574455649104,2
1574455649145,1
1574455649185,2
1574455649225,2
1574455649266,1
1574455649306,2
1574455649346,2
1574455649386,2
1574455649427,2
1574455649467,2
1574455649507,2
1574455649547,3
1574455649588,1
1574455649628,2
1574455649668,2
1574455649708,3
1574455649749,33
1574455649789,3
1574455649830,1
1574455649870,2
1574455649910,2
1574455649951,1
1574455649991,2
1574455650031,2
1574455650071,3
1574455650112,2
1574455650152,2
1574455650192,3
1574455650233,2
1574455650273,2
1574455650313,3
1574455650354,2
1574455650394,2
1574455650434,2
1574455650474,3
1574455650515,2
1574455650555,2
1574455650595,3
1574455650636,1
1574455650676,1
1574455650716,2
1574455650756,2
1574455650797,2
1574455650837,2
1574455650878,2
1574455650918,10
1574455650958,1
1574455650998,2
1574455651039,1
1574455651079,2
1574455651119,2
1574455651160,1
1574455651200,1
1574455651240,2
1574455651280,2
1574455651321,1
1574455651361,2
1574455651401,2
1574455651442,1
1574455651482,2
1574455651522,2
1574455651563,1
1574455651603,2
1574455651643,2
1574455651683,2
1574455651724,1
1574455651764,2
1574455651804,2
1574455651845,1
1574455651885,1
1574455651925,2
1574455651965,2
1574455652006,1
1574455652046,1
1574455652086,7
1574455652126,4
1574455652167,3
1574455652207,4
1574455652247,3
1574455652288,2
1574455652328,2
1574455652368,3
1574455652409,1
1574455652449,2
1574455652489,3
1574455652530,2
1574455652570,1
1574455652610,3
1574455652650,2
1574455652691,1
1574455652731,2
1574455652771,2
1574455652812,2
1574455652852,2
1574455652892,2
1574455652932,2
1574455652972,3
1574455653013,1
1574455653053,2
1574455653093,2
1574455653134,1
1574455653174,1
1574455653214,16
1574455653254,2
1574455653295,1
1574455653335,1
1574455653375,1
1574455653415,2
1574455653456,2
1574455653496,3
1574455653536,2
1574455653576,4
1574455653617,2
1574455653657,1
1574455653697,2
1574455653737,2
1574455653778,1
1574455653818,1
1574455653858,2
1574455653898,2
1574455653939,1
1574455653979,1
1574455654019,2
1574455654060,1
1574455654100,1
1574455654140,2
1574455654181,0
1574455654221,1
1574455654261,1
1574455654301,2
1574455654342,10
1574455654382,1
1574455654422,2
1574455654463,1
1574455654503,1
1574455654543,1
1574455654583,2
1574455654624,1
1574455654664,1
1574455654704,2
1574455654744,2
1574455654785,1
1574455654825,2
1574455654865,2
1574455654906,2
1574455654946,2
1574455654986,3
1574455655026,3
1574455655067,2
1574455655107,3
1574455655147,3
1574455655188,2
1574455655228,3
1574455655268,3
1574455655308,3
1574455655349,2
1574455655389,2
1574455655429,2
1574455655470,5
1574455655510,1
1574455655550,2
1574455655590,2
1574455655631,1
1574455655671,2
1574455655711,2
1574455655751,3
1574455655792,2
1574455655832,2
1574455655872,3
1574455655912,3
1574455655953,3
1574455655993,3
1574455656033,3
1574455656074,2
1574455656114,2
1574455656154,3
1574455656194,3
1574455656235,1
1574455656275,2
1574455656315,3
1574455656355,3
1574455656396,3
1574455656436,2
1574455656476,2
1574455656517,3
1574455656557,2
1574455656597,4
1574455656637,2
1574455656678,1
1574455656718,1
1574455656758,2
1574455656798,5
1574455656839,2
1574455656879,1
1574455656919,2
1574455656960,2
1574455657000,3
1574455657040,2
1574455657080,5
1574455657121,2
1574455657161,4
1574455657201,7
1574455657242,4
1574455657282,4
1574455657322,4
1574455657362,6
1574455657403,6
1574455657443,5
1574455657483,4
1574455657524,3
1574455657564,6
1574455657604,5
1574455657645,5
1574455657685,3
1574455657725,5
1574455657765,4
1574455657806,2
1574455657846,3
1574455657886,3
1574455657926,3
1574455657967,4
1574455658007,3
1574455658047,5
1574455658088,2
1574455658128,4
1574455658168,5
1574455658209,3
1574455658249,5
1574455658289,6
1574455658330,5
1574455658370,7
1574455658410,6
1574455658451,5
1574455658491,6
1574455658531,6
1574455658572,4
1574455658612,6
1574455658652,6
1574455658692,6
1574455658733,5
1574455658773,13
1574455658813,6
1574455658853,6
1574455658894,6
1574455658934,6
1574455658974,7
1574455659015,6
1574455659055,5
1574455659095,9
1574455659135,9
1574455659176,9
1574455659216,9
1574455659256,8
1574455659296,10
1574455659337,8
1574455659377,9
1574455659417,8
1574455659457,8
1574455659498,6
1574455659538,8
1574455659578,8
1574455659618,8
1574455659659,7
1574455659699,7
1574455659739,7
1574455659779,6
1574455659820,6
1574455659860,18
1574455659900,5
1574455659940,4
1574455659981,3
1574455660021,2
1574455660061,4
1574455660101,2
1574455660142,3
1574455660182,2
1574455660222,3
1574455660262,3
1574455660303,2
1574455660343,2
1574455660383,3
1574455660423,4
1574455660464,2
1574455660504,3
1574455660544,3
1574455660584,2
1574455660625,2
1574455660665,3
1574455660705,2
1574455660745,3
1574455660786,2
1574455660826,2
1574455660866,4
1574455660906,3
1574455660947,1
1574455660987,1
1574455661027,1
1574455661068,1
1574455661108,1
1574455661148,3
1574455661188,2
1574455661229,1
1574455661269,3
1574455661309,2
1574455661349,2
1574455661390,1
1574455661430,2
1574455661470,2
1574455661511,2
1574455661551,2
1574455661591,2
1574455661631,2
1574455661672,1
1574455661712,2
1574455661752,2
1574455661792,2
1574455661833,1
1574455661873,1
1574455661913,2
1574455661954,1
1574455661994,1
1574455662034,10
1574455662074,2
1574455662115,1
1574455662155,2
1574455662195,2
1574455662235,2
1574455662276,1
1574455662316,1
1574455662356,2
1574455662397,1
1574455662437,1
1574455662477,1
1574455662517,2
1574455662558,1
1574455662598,2
1574455662638,2
1574455662678,3
1574455662719,1
1574455662759,2
1574455662799,3
1574455662839,3
1574455662880,2
1574455662920,3
1574455662960,3
1574455663001,3
1574455663041,3
1574455663081,3
1574455663121,3
1574455663162,4
1574455663202,2
1574455663242,4
1574455663282,4
1574455663322,5
1574455663363,4
1574455663403,3
1574455663443,1
1574455663483,2
1574455663524,1
1574455663564,2
1574455663604,3
1574455663645,1
1574455663685,1
1574455663725,2
1574455663765,3
1574455663806,2
1574455663846,1
1574455663886,1
1574455663926,2
1574455663967,1
1574455664007,1
1574455664047,1
1574455664088,1
1574455664128,1
1574455664168,14
1574455664208,2
1574455664249,2
1574455664289,1
1574455664329,2
1574455664369,2
1574455664410,1
1574455664450,2
1574455664490,1
1574455664531,1
1574455664571,1
1574455664611,2
1574455664651,2
1574455664692,1
1574455664732,1
1574455664772,2
1574455664813,1
1574455664853,1
1574455664893,2
1574455664933,2
1574455664974,1
1574455665014,1
1574455665054,1
1574455665094,2
1574455665135,1
1574455665175,2
1574455665215,14
1574455665256,2
1574455665296,2
1574455665336,3
1574455665376,3
1574455665417,2
1574455665457,3
1574455665497,3
1574455665537,4
1574455665578,3
1574455665618,3
1574455665658,3
1574455665698,2
1574455665739,1
1574455665779,1
1574455665819,2
1574455665860,1
1574455665900,1
1574455665940,2
1574455665980,2
1574455666021,1
1574455666061,1
1574455666101,1
1574455666141,2
1574455666182,2
1574455666222,1
1574455666262,36
1574455666302,6
1574455666343,1
1574455666383,2
1574455666423,2
1574455666464,1
1574455666504,2
1574455666544,2
1574455666585,1
1574455666625,2
1574455666665,2
1574455666705,2
1574455666746,1
1574455666786,2
1574455666826,2
1574455666866,2
1574455666907,2
1574455666947,2
1574455666987,2
1574455667027,2
1574455667068,3
1574455667108,2
1574455667148,2
1574455667189,2
1574455667229,3
1574455667269,2
1574455667309,2
1574455667350,7
1574455667390,2
1574455667430,2
1574455667471,1
1574455667511,2
1574455667551,1
1574455667591,1
1574455667632,1
1574455667672,1
1574455667712,2
1574455667753,1
1574455667793,1
1574455667833,2
1574455667873,2
1574455667914,1
1574455667954,2
1574455667994,3
1574455668034,3
1574455668075,2
1574455668115,1
1574455668155,2
1574455668195,2
1574455668236,1
1574455668276,1
1574455668316,2
1574455668356,31
1574455668397,6
1574455668437,1
1574455668477,2
1574455668517,2
1574455668558,1
1574455668598,2
1574455668638,1
1574455668678,2
1574455668719,1
1574455668759,1
1574455668799,2
1574455668840,1
1574455668880,1
1574455668920,2
1574455668960,2
1574455669001,2
1574455669041,2
1574455669081,2
1574455669122,1
1574455669162,2
1574455669202,2
1574455669243,1
1574455669283,2
1574455669323,2
1574455669363,3
1574455669404,20
1574455669444,3
1574455669484,3
1574455669524,3
1574455669565,2
1574455669605,2
1574455669645,2
1574455669685,3
1574455669726,2
1574455669766,2
1574455669806,2
1574455669847,1
1574455669887,1
1574455669927,2
1574455669967,2
1574455670008,1
1574455670048,1
1574455670088,1
1574455670128,2
1574455670169,1
1574455670209,1
1574455670249,2
1574455670289,2
1574455670330,1
1574455670370,2
1574455670410,2
1574455670450,15
1574455670491,2
1574455670531,2
1574455670571,3
1574455670611,4
1574455670652,2
1574455670692,4
1574455670732,2
1574455670772,3
1574455670813,1
1574455670853,1
1574455670893,2
1574455670934,1
1574455670974,1
1574455671014,1
1574455671054,2
1574455671095,1
1574455671135,1
1574455671175,2
1574455671216,1
1574455671256,1
1574455671296,2
1574455671336,2
1574455671377,1
1574455671417,1
1574455671457,2
1574455671498,7
1574455671538,6
1574455671578,2
1574455671618,2
1574455671659,1
1574455671699,2
1574455671739,2
1574455671780,1
1574455671820,2
1574455671860,1
1574455671900,2
1574455671941,1
1574455671981,2
1574455672021,2
1574455672062,2
1574455672102,2
1574455672142,3
1574455672182,3
1574455672223,2
1574455672263,3
1574455672303,3
1574455672343,4
1574455672384,3
1574455672424,4
1574455672464,4
1574455672505,3
1574455672545,11
1574455672585,5
1574455672626,4
1574455672666,5
1574455672706,5
1574455672746,5
1574455672787,5
1574455672827,4
1574455672867,5
1574455672907,5
1574455672948,4
1574455672988,4
1574455673028,3
1574455673069,4
1574455673109,2
1574455673149,3
1574455673189,4
1574455673230,2
1574455673270,3
1574455673310,3
1574455673350,2
1574455673391,1
1574455673431,2
1574455673471,2
1574455673512,2
1574455673552,29
1574455673592,4
1574455673632,3
1574455673673,3
1574455673713,2
1574455673753,2
1574455673793,2
1574455673834,1
1574455673874,1
1574455673914,2
1574455673954,3
1574455673995,1
1574455674035,1
1574455674075,1
1574455674115,2
1574455674156,1
1574455674196,2
1574455674236,2
1574455674276,2
1574455674317,2
1574455674357,2
1574455674397,2
1574455674437,3
1574455674478,2
1574455674518,3
1574455674558,38
1574455674598,12
1574455674639,2
1574455674679,3
1574455674719,3
1574455674760,2
1574455674800,2
1574455674840,3
1574455674880,3
1574455674921,3
1574455674961,2
1574455675001,3
1574455675041,2
1574455675082,2
1574455675122,2
1574455675162,2
1574455675202,2
1574455675243,3
1574455675283,3
1574455675323,4
1574455675363,3
1574455675404,3
1574455675444,3
1574455675484,3
1574455675524,4
1574455675565,2
1574455675605,7
1574455675645,2
1574455675685,3
1574455675726,2
1574455675766,3
1574455675806,2
1574455675847,2
1574455675887,2
1574455675927,3
1574455675967,3
1574455676008,2
1574455676048,3
1574455676088,3
1574455676128,3
1574455676169,3
1574455676209,3
1574455676249,3
1574455676289,4
1574455676330,3
1574455676370,2
1574455676410,2
1574455676451,1
1574455676491,1
1574455676531,1
1574455676571,39
1574455676612,12
1574455676652,1
1574455676692,2
1574455676732,2
1574455676773,2
1574455676813,2
1574455676853,2
1574455676893,2
1574455676934,1
1574455676974,2
1574455677014,1
1574455677054,2
1574455677095,1
1574455677135,1
1574455677175,2
1574455677215,2
1574455677256,2
1574455677296,2
1574455677336,2
1574455677377,1
1574455677417,2
1574455677457,3
1574455677497,3
1574455677538,1
1574455677578,27
1574455677618,7
1574455677658,2
1574455677699,1
1574455677739,1
1574455677779,1
1574455677819,2
1574455677860,1
1574455677900,2
1574455677940,2
1574455677981,1
1574455678021,3
1574455678061,3
1574455678101,2
1574455678142,1
1574455678182,1
1574455678222,2
1574455678262,2
1574455678303,1
1574455678343,1
1574455678383,2
1574455678423,2
1574455678464,1
1574455678504,2
1574455678544,2
1574455678585,19
1574455678625,3
1574455678665,2
1574455678705,2
1574455678746,2
1574455678786,2
1574455678826,2
1574455678866,2
1574455678907,1
1574455678947,2
1574455678987,3
1574455679028,1
1574455679068,1
1574455679108,1
1574455679148,2
1574455679189,1
1574455679229,2
1574455679269,2
1574455679310,2
1574455679350,2
1574455679390,2
1574455679430,2
1574455679471,1
1574455679511,2
1574455679551,31
1574455679591,12
1574455679632,1
1574455679672,2
1574455679712,2
1574455679753,1
1574455679793,1
1574455679833,2
1574455679873,2
1574455679914,1
1574455679954,2
1574455679994,2
1574455680034,3
1574455680075,1
1574455680115,1
1574455680155,1
1574455680195,2
1574455680236,1
1574455680276,2
1574455680316,2
1574455680356,2
1574455680397,2
1574455680437,1
1574455680477,2
1574455680518,1
1574455680558,22
1574455680598,8
1574455680638,2
1574455680679,1
1574455680719,1
1574455680759,2
1574455680799,2
1574455680840,2
1574455680880,2
1574455680920,2
1574455680960,2
1574455681001,2
1574455681041,2
1574455681081,2
1574455681121,2
1574455681162,2
1574455681202,2
1574455681242,3
1574455681282,3
1574455681323,3
1574455681363,3
1574455681403,3
1574455681443,4
1574455681484,4
1574455681524,4
1574455681564,22
1574455681604,9
1574455681645,4
1574455681685,6
1574455681725,6
1574455681766,5
1574455681806,6
1574455681846,6
1574455681886,6
1574455681927,5
1574455681967,5
1574455682007,5
1574455682048,5
1574455682088,2
1574455682128,2
1574455682168,3
1574455682209,3
1574455682249,5
1574455682289,6
1574455682329,5
1574455682370,5
1574455682410,4
1574455682450,4
1574455682490,4
1574455682531,22
1574455682571,8
1574455682611,4
1574455682652,3
1574455682692,4
1574455682732,4
1574455682772,5
1574455682813,4
1574455682853,5
1574455682893,5
1574455682933,6
1574455682974,5
1574455683014,6
1574455683054,6
1574455683094,6
1574455683135,6
1574455683175,6
1574455683215,6
1574455683255,6
1574455683296,3
1574455683336,4
1574455683376,5
1574455683416,3
1574455683457,6
1574455683497,5
1574455683537,22
1574455683577,11
1574455683618,4
1574455683658,5
1574455683698,5
1574455683738,7
1574455683779,2
1574455683819,3
1574455683859,3
1574455683899,5
1574455683940,5
1574455683980,2
1574455684020,3
1574455684061,3
1574455684101,3
1574455684141,3
1574455684181,3
1574455684222,2
1574455684262,2
1574455684302,2
1574455684342,2
1574455684383,2
1574455684423,2
1574455684463,3
1574455684503,21
1574455684544,5
1574455684584,2
1574455684624,3
1574455684665,2
1574455684705,2
1574455684745,3
1574455684785,4
1574455684826,2
1574455684866,2
1574455684906,4
1574455684946,4
1574455684987,4
1574455685027,3
1574455685067,4
1574455685107,3
1574455685148,2
1574455685188,3
1574455685228,3
1574455685269,3
1574455685309,3
1574455685349,3
1574455685389,3
1574455685430,3
1574455685470,37
1574455685510,16
1574455685550,4
1574455685591,1
1574455685631,3
1574455685671,2
1574455685711,3
1574455685752,2
1574455685792,2
1574455685832,2
1574455685872,3
1574455685913,1
1574455685953,1
1574455685993,2
1574455686033,2
1574455686074,1
1574455686114,2
1574455686154,2
1574455686194,2
1574455686235,1
1574455686275,1
1574455686315,2
1574455686355,2
1574455686396,2
1574455686436,25
1574455686476,8
1574455686516,3
1574455686557,2
1574455686597,3
1574455686637,2
1574455686678,2
1574455686718,3
1574455686758,3
1574455686798,3
1574455686839,3
1574455686879,2
1574455686919,3
1574455686960,1
1574455687000,3
1574455687040,3
1574455687080,3
1574455687121,2
1574455687161,1
1574455687201,3
1574455687241,2
1574455687282,1
1574455687322,1
1574455687362,2
1574455687402,23
1574455687443,9
1574455687483,2
1574455687523,2
1574455687564,4
1574455687604,3
1574455687644,4
1574455687684,5
1574455687725,2
1574455687765,4
1574455687805,3
1574455687845,4
1574455687886,4
1574455687926,4
1574455687966,5
1574455688006,6
1574455688047,6
1574455688087,6
1574455688127,6
1574455688168,6
1574455688208,6
1574455688248,6
1574455688288,6
1574455688329,5
1574455688369,28
1574455688409,15
1574455688449,9
1574455688490,6
1574455688530,7
1574455688570,6
1574455688610,7
1574455688651,7
1574455688691,7
1574455688731,8
1574455688772,7
1574455688812,7
1574455688852,8
1574455688892,9
1574455688933,7
1574455688973,8
1574455689013,8
1574455689053,9
1574455689094,9
1574455689134,8
1574455689174,9
1574455689214,10
1574455689255,9
1574455689295,9
1574455689335,32
1574455689375,18
1574455689416,10
1574455689456,8
1574455689496,7
1574455689537,9
1574455689577,7
1574455689617,9
1574455689657,8
1574455689698,4
1574455689738,7
1574455689778,7
1574455689819,6
1574455689859,5
1574455689899,3
1574455689939,5
1574455689980,3
1574455690020,4
1574455690060,4
1574455690100,5
1574455690141,3
1574455690181,5
1574455690221,4
1574455690262,4
1574455690302,31
1574455690342,16
1574455690382,9
1574455690423,4
1574455690463,4
1574455690503,5
1574455690543,3
1574455690584,5
1574455690624,3
1574455690664,5
1574455690705,3
1574455690745,3
1574455690785,3
1574455690825,4
1574455690866,4
1574455690906,6
1574455690946,4
1574455690987,3
1574455691027,3
1574455691067,3
1574455691107,3
1574455691148,3
1574455691188,4
1574455691228,3
1574455691269,22
1574455691309,11
1574455691349,3
1574455691389,3
1574455691430,3
1574455691470,4
1574455691510,3
1574455691550,3
1574455691591,4
1574455691631,3
1574455691671,4
1574455691712,3
1574455691752,3
1574455691792,2
1574455691833,3
1574455691873,3
1574455691913,4
1574455691953,5
1574455691994,3
1574455692034,4
1574455692074,3
1574455692115,3
1574455692155,3
1574455692195,5
1574455692236,15
1574455692276,6
1574455692316,4
1574455692357,4
1574455692397,4
1574455692437,4
1574455692478,3
1574455692518,3
1574455692558,3
1574455692598,4
1574455692639,4
1574455692679,3
1574455692719,4
1574455692759,3
1574455692800,4
1574455692840,4
1574455692880,5
1574455692921,4
1574455692961,5
1574455693001,5
1574455693041,4
1574455693082,3
1574455693122,3
1574455693162,34
1574455693202,18
1574455693243,11
1574455693283,2
1574455693323,2
1574455693363,2
1574455693404,2
1574455693444,3
1574455693484,3
1574455693525,1
1574455693565,2
1574455693605,3
1574455693645,3
1574455693686,2
1574455693726,3
1574455693766,3
1574455693807,2
1574455693847,3
1574455693887,3
1574455693928,2
1574455693968,3
1574455694008,3
1574455694048,4
1574455694089,3
1574455694129,21
1574455694169,11
1574455694210,4
1574455694250,4
1574455694290,4
1574455694330,4
1574455694371,4
1574455694411,5
1574455694451,4
1574455694491,5
1574455694532,5
1574455694572,4
1574455694612,5
1574455694653,4
1574455694693,3
1574455694733,5
1574455694773,4
1574455694814,4
1574455694854,3
1574455694894,3
1574455694935,2
1574455694975,2
1574455695015,3
1574455695055,38
1574455695096,18
1574455695136,12
1574455695176,6
1574455695216,4
1574455695257,3
1574455695297,4
1574455695337,4
1574455695377,5
1574455695418,4
1574455695458,5
1574455695498,5
1574455695538,5
1574455695579,2
1574455695619,4
1574455695659,4
1574455695699,3
1574455695740,3
1574455695780,3
1574455695820,4
1574455695861,2
1574455695901,3
1574455695941,5
1574455695982,3
1574455696022,22
1574455696062,16
1574455696102,10
1574455696143,5
1574455696183,6
1574455696223,4
1574455696263,6
1574455696304,5
1574455696344,3
1574455696385,5
1574455696425,5
1574455696465,5
1574455696505,6
1574455696546,5
1574455696586,7
1574455696626,3
1574455696667,3
1574455696707,3
1574455696747,3
1574455696787,4
1574455696828,3
1574455696868,2
1574455696908,4
1574455696948,25
1574455696989,10
1574455697029,6
1574455697069,3
1574455697109,3
1574455697150,4
1574455697190,3
1574455697230,4
1574455697271,2
1574455697311,2
1574455697351,2
1574455697391,2
1574455697432,1
1574455697472,2
1574455697512,2
1574455697552,2
1574455697593,1
1574455697633,2
1574455697673,2
1574455697713,2
1574455697754,1
1574455697794,2
1574455697834,2
1574455697874,18
1574455697915,12
1574455697955,5
1574455697995,3
1574455698035,3
1574455698076,3
1574455698116,3
1574455698156,3
1574455698197,3
1574455698237,2
1574455698277,3
1574455698317,3
1574455698358,3
1574455698398,2
1574455698438,3
1574455698478,3
1574455698519,2
1574455698559,3
1574455698599,3
1574455698639,3
1574455698680,2
1574455698720,4
1574455698760,3
1574455698801,3
1574455698841,21
1574455698881,15
1574455698922,9
1574455698962,2
1574455699002,3
1574455699042,4
1574455699083,2
1574455699123,3
1574455699163,3
1574455699204,2
1574455699244,3
1574455699284,3
1574455699325,2
1574455699365,3
1574455699405,3
1574455699445,4
1574455699486,2
1574455699526,4
1574455699566,3
1574455699607,3
1574455699647,3
1574455699687,3
1574455699728,2
1574455699768,28
1574455699808,19
1574455699848,15
1574455699889,8
1574455699929,4
1574455699969,3
1574455700010,2
1574455700050,3
1574455700090,2
1574455700130,3
1574455700171,1
1574455700211,3
1574455700251,2
1574455700292,2
1574455700332,2
1574455700372,2
1574455700412,3
1574455700453,3
1574455700493,3
1574455700533,2
1574455700574,2
1574455700614,2
1574455700654,4
1574455700697,2
1574455700737,20
1574455700777,13
1574455700817,5
1574455700858,1
1574455700898,1
1574455700938,2
1574455700979,1
1574455701019,2
1574455701059,2
1574455701099,3
1574455701140,2
1574455701180,3
1574455701220,3
1574455701260,4
1574455701301,3
1574455701341,3
1574455701381,3
1574455701422,3
1574455701462,3
1574455701502,4
1574455701542,4
1574455701583,4
1574455701623,4
1574455701663,10
1574455701704,21
1574455701744,18
1574455701784,14
1574455701824,9
1574455701865,4
1574455701905,5
1574455701945,5
1574455701985,6
1574455702026,5
1574455702066,5
1574455702106,6
1574455702147,5
1574455702187,5
1574455702227,6
1574455702267,6
1574455702308,7
1574455702348,6
1574455702388,7
1574455702428,8
1574455702469,7
1574455702509,9
1574455702549,8
1574455702589,7
1574455702630,21
1574455702670,17
1574455702710,13
1574455702751,8
1574455702791,4
1574455702831,7
1574455702871,3
1574455702911,5
1574455702952,4
1574455702992,3
1574455703032,4
1574455703073,2
1574455703113,4
1574455703153,3
1574455703193,3
1574455703234,3
1574455703274,3
1574455703314,4
1574455703355,3
1574455703395,3
1574455703435,3
1574455703475,3
1574455703516,1
1574455703556,20
1574455703596,15
1574455703637,8
1574455703677,2
1574455703717,3
1574455703758,3
1574455703798,2
1574455703838,3
1574455703878,2
1574455703919,1
1574455703959,2
1574455703999,2
1574455704040,1
1574455704080,2
1574455704120,2
1574455704161,2
1574455704201,2
1574455704241,2
1574455704282,2
1574455704322,1
1574455704362,1
1574455704402,2
1574455704443,1
1574455704483,37
1574455704523,20
1574455704564,16
1574455704604,14
1574455704644,12
1574455704684,6
1574455704725,3
1574455704765,3
1574455704805,3
1574455704846,3
1574455704886,3
1574455704926,3
1574455704966,3
1574455705007,3
1574455705047,3
1574455705087,4
1574455705128,3
1574455705168,3
1574455705208,4
1574455705248,4
1574455705289,3
1574455705329,4
1574455705369,5
1574455705410,38
1574455705450,16
1574455705490,14
1574455705530,9
1574455705571,5
1574455705611,4
1574455705651,4
1574455705691,5
1574455705732,4
1574455705772,4
1574455705812,4
1574455705852,5
1574455705893,4
1574455705933,4
1574455705973,4
1574455706013,5
1574455706054,5
1574455706094,5
1574455706134,5
1574455706174,6
1574455706215,5
1574455706255,5
1574455706295,6
1574455706336,5
1574455706376,26
1574455706416,16
1574455706456,16
1574455706497,14
1574455706537,11
1574455706577,7
1574455706617,5
1574455706658,5
1574455706698,5
1574455706738,2
1574455706779,2
1574455706819,5
1574455706859,3
1574455706899,2
1574455706940,1
1574455706980,1
1574455707020,2
1574455707060,2
1574455707101,1
1574455707141,1
1574455707181,2
1574455707222,2
1574455707262,1
1574455707302,27
1574455707342,15
1574455707383,12
1574455707423,9
1574455707463,6
1574455707504,3
1574455707544,1
1574455707584,1
1574455707624,2
1574455707665,1
1574455707705,1
1574455707745,2
1574455707785,2
1574455707826,2
1574455707866,2
1574455707906,3
1574455707947,2
1574455707987,2
1574455708027,2
1574455708067,3
1574455708108,2
1574455708148,2
1574455708188,3
1574455708228,22
1574455708269,18
1574455708309,18
1574455708349,16
1574455708390,13
1574455708430,10
1574455708470,7
1574455708510,5
1574455708551,3
1574455708591,2
1574455708631,3
1574455708671,3
1574455708712,3
1574455708752,3
1574455708792,3
1574455708833,3
1574455708873,3
1574455708913,3
1574455708953,4
1574455708994,3
1574455709034,4
1574455709074,4
1574455709115,3
1574455709155,24
1574455709195,17
1574455709235,16
1574455709276,12
1574455709316,9
1574455709356,8
1574455709397,6
1574455709437,6
1574455709477,4
1574455709518,3
1574455709558,4
1574455709598,5
1574455709639,4
1574455709679,4
1574455709720,4
1574455709760,4
1574455709800,4
1574455709841,3
1574455709881,4
1574455709921,5
1574455709961,5
1574455710002,5
1574455710042,5
1574455710082,25
1574455710122,17
1574455710163,16
1574455710203,13
1574455710243,12
1574455710283,10
1574455710324,9
1574455710364,9
1574455710404,8
1574455710445,7
1574455710485,7
1574455710525,7
1574455710565,6
1574455710606,6
1574455710646,6
1574455710686,7
1574455710726,7
1574455710767,5
1574455710807,6
1574455710847,6
1574455710888,5
1574455710928,4
1574455710968,5
1574455711008,35
1574455711049,23
1574455711089,20
1574455711129,20
1574455711169,20
1574455711210,19
1574455711250,19
1574455711290,19
1574455711330,19
1574455711371,17
1574455711411,14
1574455711451,15
1574455711492,14
1574455711532,13
1574455711572,13
1574455711612,11
1574455711653,11
1574455711693,10
1574455711733,8
1574455711773,9
1574455711814,8
1574455711854,7
1574455711894,7
1574455711935,8
1574455711975,18
1574455712015,17
1574455712055,17
1574455712096,16
1574455712136,17
1574455712176,16
1574455712217,15
1574455712257,15
1574455712297,14
1574455712338,14
1574455712378,14
1574455712418,14
1574455712458,14
1574455712499,13
1574455712539,13
1574455712579,13
1574455712619,12
1574455712660,13
1574455712700,12
1574455712740,12
1574455712781,12
1574455712821,10
1574455712861,32
1574455712901,27
1574455712942,24
1574455712982,22
1574455713022,23
1574455713062,20
1574455713103,22
1574455713143,22
1574455713183,20
1574455713223,22
1574455713264,20
1574455713304,22
1574455713344,22
1574455713384,23
1574455713425,23
1574455713465,23
1574455713505,22
1574455713545,24
1574455713586,22
1574455713626,24
1574455713666,22
1574455713706,21
1574455713747,21
1574455713787,27
1574455713827,23
1574455713867,24
1574455713908,23
1574455713948,22
1574455713988,24
1574455714029,22
1574455714069,23
1574455714109,21
1574455714149,23
1574455714190,22
1574455714230,21
1574455714270,21
1574455714311,20
1574455714351,22
1574455714391,19
1574455714431,22
1574455714471,22
1574455714512,22
1574455714552,22
1574455714592,21
1574455714632,22
1574455714673,20
1574455714713,27
1574455714753,24
1574455714793,23
1574455714834,21
1574455714874,21
1574455714914,22
1574455714954,22
1574455714995,22
1574455715035,22
1574455715075,19
1574455715115,23
1574455715156,21
1574455715196,22
1574455715236,21
1574455715276,21
1574455715317,22
1574455715357,22
1574455715397,21
1574455715437,23
1574455715478,23
1574455715518,22
1574455715558,22
1574455715598,19
1574455715639,28
1574455715679,25
1574455715719,24
1574455715759,22
1574455715800,23
1574455715840,22
1574455715880,22
1574455715920,23
1574455715961,22
1574455716001,22
1574455716041,21
1574455716082,21
1574455716122,21
1574455716162,21
1574455716202,22
1574455716242,23
1574455716283,23
1574455716323,22
1574455716363,23
1574455716403,22
1574455716444,22
1574455716484,21
1574455716524,18
1574455716564,29
1574455716605,23
1574455716645,25
1574455716685,23
1574455716726,22
1574455716766,24
1574455716806,22
1574455716846,23
1574455716887,23
1574455716927,22
1574455716967,24
1574455717007,22
1574455717048,22
1574455717088,23
1574455717128,22
1574455717168,22
1574455717209,21
1574455717249,22
1574455717289,22
1574455717329,22
1574455717370,21
1574455717410,21
1574455717450,19
1574455717490,29
1574455717531,26
1574455717571,23
1574455717611,24
1574455717651,25
1574455717692,24
1574455717732,25
1574455717772,23
1574455717812,25
1574455717853,26
1574455717893,25
1574455717933,25
1574455717974,24
1574455718014,23
1574455718054,24
1574455718094,24
1574455718135,23
1574455718175,23
1574455718215,25
1574455718255,26
1574455718295,26
1574455718336,23
1574455718376,24
1574455718416,32
1574455718456,30
1574455718497,29
1574455718537,27
1574455718577,26
1574455718617,26
1574455718658,26
1574455718698,27
1574455718738,24
1574455718778,25
1574455718819,25
1574455718859,24
1574455718899,25
1574455718939,26
1574455718980,25
1574455719020,24
1574455719060,26
1574455719100,26
1574455719141,26
1574455719181,25
1574455719221,25
1574455719262,25
1574455719302,26
1574455719342,34
1574455719382,32
1574455719422,31
1574455719463,26
1574455719503,25
1574455719543,27
1574455719584,27
1574455719624,27
1574455719664,27
1574455719704,28
1574455719745,25
1574455719785,25
1574455719825,28
1574455719865,28
1574455719906,32
1574455719946,32
1574455719986,32
1574455720027,28
1574455720067,32
1574455720107,30
1574455720147,32
1574455720188,32
1574455720228,29
1574455720268,39
1574455720308,37
1574455720349,33
1574455720389,34
1574455720429,34
1574455720469,34
1574455720510,33
1574455720550,34
1574455720590,33
1574455720630,33
1574455720671,33
1574455720711,30
1574455720751,34
1574455720791,34
1574455720832,34
1574455720872,33
1574455720912,31
1574455720952,35
1574455720993,34
1574455721033,34
1574455721073,34
1574455721113,36
1574455721154,33
1574455721194,29
1574455721234,36
1574455721274,36
1574455721315,35
1574455721355,31
1574455721395,33
1574455721435,35
1574455721476,35
1574455721516,36
1574455721556,36
1574455721596,35
1574455721637,35
1574455721677,35
1574455721717,36
1574455721757,34
1574455721797,36
1574455721838,36
1574455721878,33
1574455721918,36
1574455721958,36
1574455721999,36
1574455722039,35
1574455722079,35
1574455722120,30
1574455722160,35
1574455722200,38
1574455722241,36
1574455722281,36
1574455722321,36
1574455722361,36
1574455722402,35
1574455722442,35
1574455722482,35
1574455722523,31
1574455722563,37
1574455722603,37
1574455722643,38
1574455722684,36
1574455722724,33
1574455722764,37
1574455722805,36
1574455722845,36
1574455722885,34
1574455722925,36
1574455722966,37
1574455723006,37
1574455723046,38
1574455723086,25
1574455723127,38
1574455723167,37
1574455723207,39
1574455723247,38
1574455723287,37
1574455723328,38
1574455723368,38
1574455723408,37
1574455723448,37
1574455723489,37
1574455723529,36
1574455723569,38
1574455723609,35
1574455723650,37
1574455723690,38
1574455723730,37
1574455723770,37
1574455723811,37
1574455723851,35
1574455723891,37
1574455723931,36
1574455723972,37
1574455724012,35
1574455724052,35
1574455724092,38
1574455724132,39
1574455724173,39
1574455724213,40
1574455724253,41
1574455724293,41
1574455724334,38
1574455724374,39
1574455724414,39
1574455724455,38
1574455724495,39
1574455724535,39
1574455724575,36
1574455724615,42
1574455724656,38
1574455724696,39
1574455724736,39
1574455724776,37
1574455724817,39
1574455724857,37
1574455724897,41
1574455724937,39
1574455724978,33
1574455725018,38
1574455725058,39
1574455725098,39
1574455725138,39
1574455725179,40
1574455725219,41
1574455725259,37
1574455725300,40
1574455725340,39
1574455725380,41
1574455725420,40
1574455725460,42
1574455725501,40
1574455725541,41
1574455725581,39
1574455725621,41
1574455725662,43
1574455725702,41
1574455725742,42
1574455725782,40
1574455725823,44
1574455725863,40
1574455725903,40
1574455725943,47
1574455725984,45
1574455726024,45
1574455726064,47
1574455726105,46
1574455726145,46
1574455726185,49
1574455726225,46
1574455726266,45
1574455726306,47
1574455726346,46
1574455726387,45
1574455726427,47
1574455726467,46
1574455726507,48
1574455726548,48
1574455726588,48
1574455726628,49
1574455726668,49
1574455726709,47
1574455726749,51
1574455726789,49
1574455726830,49
1574455726870,49
1574455726910,47
1574455726950,50
1574455726991,46
1574455727031,50
1574455727071,48
1574455727111,48
1574455727152,49
1574455727192,49
1574455727232,50
1574455727273,47
1574455727313,50
1574455727353,52
1574455727393,51
1574455727434,51
1574455727474,50
1574455727514,53
1574455727555,51
1574455727595,55
1574455727635,55
1574455727675,54
1574455727716,56
1574455727756,55
1574455727796,57
1574455727837,55
1574455727877,57
1574455727917,59
1574455727957,56
1574455727998,60
1574455728038,60
1574455728078,60
1574455728118,61
1574455728159,60
1574455728199,60
1574455728239,63
1574455728279,70
1574455728320,64
1574455728360,64
1574455728400,65
1574455728441,64
1574455728481,64
1574455728521,65
1574455728561,67
1574455728602,64
1574455728642,68
1574455728682,68
1574455728722,68
1574455728763,67
1574455728803,70
1574455728843,71
1574455728883,71
1574455728924,71
1574455728964,71
1574455729004,74
1574455729044,74
1574455729084,76
1574455729125,76
1574455729165,77
1574455729205,78
1574455729245,80
1574455729286,79
1574455729326,81
1574455729366,81
1574455729407,82
1574455729447,83
1574455729487,84
1574455729527,85
1574455729568,86
1574455729608,86
1574455729648,88
1574455729689,87
1574455729729,89
1574455729769,90
1574455729809,92
1574455729850,91
1574455729890,93
1574455729930,94
1574455729970,95
1574455730011,95
1574455730051,97
1574455730091,97
1574455730132,98
1574455730172,98
1574455730212,100
1574455730252,100
1574455730293,101
1574455730333,100
1574455730373,104
1574455730413,102
1574455730454,105
1574455730494,104
1574455730534,106
1574455730575,105
1574455730615,107
1574455730655,108
1574455730695,109
1574455730736,110
1574455730776,111
1574455730816,113
1574455730856,112
1574455730897,114
1574455730937,113
1574455730977,115
1574455731017,115
1574455731058,116
1574455731098,116
1574455731138,118
1574455731178,120
1574455731219,119
1574455731259,121
1574455731299,123
1574455731339,123
1574455731380,124
1574455731420,125
1574455731460,125
1574455731502,124
1574455731542,127
1574455731583,125
1574455731623,127
1574455731663,127
1574455731704,128
1574455731744,129
1574455731784,130
1574455731824,132
1574455731865,132
1574455731905,134
1574455731945,136
1574455731985,136
1574455732026,137
1574455732066,136
1574455732106,139
1574455732146,138
1574455732187,137
1574455732227,139
1574455732267,141
1574455732307,141
1574455732348,142
1574455732388,144
1574455732428,145
1574455732469,146
1574455732509,147
1574455732549,149
1574455732589,148
1574455732629,152
1574455732670,150
1574455732710,152
1574455732750,153
1574455732790,156
1574455732831,157
1574455732871,158
1574455732911,160
1574455732951,160
1574455732992,162
1574455733032,164
1574455733072,164
1574455733112,167
1574455733153,165
1574455733193,169
1574455733233,168
1574455733273,171
1574455733314,171
1574455733354,174
1574455733394,175
1574455733435,177
1574455733475,179
1574455733515,180
1574455733555,183
1574455733596,185
1574455733636,186
1574455733676,188
1574455733716,189
1574455733757,191
1574455733797,191
1574455733837,192
1574455733877,194
1574455733918,195
1574455733958,196
1574455733998,198
1574455734038,200
1574455734079,200
1574455734119,203
1574455734159,204
1574455734200,206
1574455734240,205
1574455734280,209
1574455734320,208
1574455734361,207
1574455734401,211
1574455734441,212
1574455734482,213
1574455734522,214
1574455734562,217
1574455734602,218
1574455734643,220
1574455734683,220
1574455734723,224
1574455734763,235
1574455734804,226
1574455734844,229
1574455734884,231
1574455734924,235
1574455734965,234
1574455735005,237
1574455735045,239
1574455735085,241
1574455735126,240
1574455735166,245
1574455735206,246
1574455735246,251
1574455735287,249
1574455735327,254
1574455735367,254
1574455735407,258
1574455735448,257
1574455735488,259
1574455735528,262
1574455735569,264
1574455735609,267
1574455735649,268
1574455735689,271
1574455735730,272
1574455735770,275
1574455735810,276
1574455735850,279
1574455735891,278
1574455735931,281
1574455735971,282
1574455736011,287
1574455736052,286
1574455736092,290
1574455736132,290
1574455736172,294
1574455736213,292
1574455736253,298
1574455736293,298
1574455736334,301
1574455736374,302
1574455736414,303
1574455736454,307
1574455736495,308
1574455736535,311
1574455736575,314
1574455736615,318
1574455736656,318
1574455736696,319
1574455736736,325
1574455736776,327
1574455736817,328
1574455736857,328
1574455736897,334
1574455736937,336
1574455736978,338
1574455737018,339
1574455737058,339
1574455737098,344
1574455737139,346
1574455737179,348
1574455737219,348
1574455737259,354
1574455737300,354
1574455737340,355
1574455737380,360
1574455737420,362
1574455737461,362
1574455737501,367
1574455737541,369
1574455737581,370
1574455737622,369
1574455737662,374
1574455737702,377
1574455737742,381
1574455737783,381
1574455737823,383
1574455737863,384
1574455737903,387
1574455737944,388
1574455737984,393
1574455738024,394
1574455738065,398
1574455738105,400
1574455738145,403
1574455738185,403
1574455738226,405
1574455738266,409
1574455738306,410
1574455738346,412
1574455738387,413
1574455738427,415
1574455738467,421
1574455738507,420
1574455738547,426
1574455738588,426
1574455738628,429
1574455738668,429
1574455738709,430
1574455738749,433
1574455738789,438
1574455738829,440
1574455738870,442
1574455738910,444
1574455738950,448
1574455738990,449
1574455739031,452
1574455739071,457
1574455739111,458
1574455739151,460
1574455739192,465
1574455739232,469
1574455739272,471
1574455739312,473
1574455739353,474
1574455739393,478
1574455739433,480
1574455739474,483
1574455739514,489
1574455739554,490
1574455739594,494
1574455739634,496
1574455739675,500
1574455739715,504
1574455739755,506
1574455739796,509
1574455739836,511
1574455739876,514
1574455739916,520
1574455739957,519
1574455739997,522
1574455740037,527
1574455740078,530
1574455740118,533
1574455740158,537
1574455740198,541
1574455740239,543
1574455740279,544
1574455740319,549
1574455740360,548
1574455740400,555
1574455740440,557
1574455740480,558
1574455740521,560
1574455740561,565
1574455740601,569
1574455740642,571
1574455740682,574
1574455740722,579
1574455740763,579
1574455740803,584
1574455740843,585
1574455740883,589
1574455740924,591
1574455740964,593
1574455741004,595
1574455741044,601
1574455741085,603
1574455741125,608
1574455741165,611
1574455741205,615
1574455741246,617
1574455741286,622
1574455741326,624
1574455741366,626
1574455741407,630
1574455741447,633
1574455741487,635
1574455741527,639
1574455741568,643
1574455741608,647
1574455741648,650
1574455741688,653
1574455741729,653
1574455741769,657
1574455741809,662
1574455741849,668
1574455741890,670
1574455741930,669
1574455741970,677
1574455742010,678
1574455742051,682
1574455742091,685
1574455742131,689
1574455742171,692
1574455742212,695
1574455742252,697
1574455742292,702
1574455742333,707
1574455742373,710
1574455742413,712
1574455742453,718
1574455742494,720
1574455742534,725
1574455742574,728
1574455742614,730
1574455742655,732
1574455742695,738
1574455742735,740
1574455742775,746
1574455742816,750
1574455742856,755
1574455742896,756
1574455742937,759
1574455742977,765
1574455743017,766
1574455743057,773
1574455743098,776
1574455743138,778
1574455743178,783
1574455743218,787
1574455743259,790
1574455743299,794
1574455743339,798
1574455743379,799
1574455743420,803
1574455743460,809
1574455743500,814
1574455743540,815
1574455743581,818
1574455743621,822
1574455743661,827
1574455743701,829
1574455743742,832
1574455743782,836
1574455743822,842
1574455743863,844
1574455743903,849
1574455743943,853
1574455743983,857
1574455744024,861
1574455744064,862
1574455744104,866
1574455744144,870
1574455744185,874
1574455744225,879
1574455744265,883
1574455744305,885
1574455744346,889
1574455744386,892
1574455744426,898
1574455744466,902
1574455744507,904
1574455744547,907
1574455744587,913
1574455744627,915
1574455744668,920
1574455744708,923
1574455744748,928
1574455744788,931
1574455744829,935
1574455744869,938
1574455744909,943
1574455744949,945
1574455744990,950
1574455745030,953
1574455745070,956
1574455745110,961
1574455745151,963
1574455745191,968
1574455745231,970
1574455745271,976
1574455745312,976
1574455745352,984
1574455745392,986
1574455745433,991
1574455745473,994
1574455745513,999
1574455745553,1004
1574455745593,1008
1574455745634,1012
1574455745674,1017
1574455745714,1021
1574455745754,1026
1574455745795,1028
1574455745835,1033
1574455745875,1035
1574455745916,1041
1574455745956,1043
1574455745996,1048
1574455746036,1052
1574455746077,1056
1574455746117,1059
1574455746157,1064
1574455746197,1069
1574455746238,1072
1574455746278,1077
1574455746318,1082
1574455746358,1086
1574455746399,1090
1574455746439,1093
1574455746479,1100
1574455746519,1102
1574455746560,1108
1574455746600,1110
1574455746640,1116
1574455746680,1120
1574455746721,1124
1574455746761,1130
1574455746801,1133
1574455746842,1138
1574455746882,1142
1574455746922,1148
1574455746962,1150
1574455747003,1156
1574455747043,1158
1574455747083,1164
1574455747123,1167
1574455747164,1172
1574455747204,1177
1574455747244,1181
1574455747284,1187
1574455747325,1190
1574455747365,1196
1574455747405,1202
1574455747446,1205
1574455747486,1211
1574455747526,1214
1574455747566,1221
1574455747607,1223
1574455747647,1229
1574455747687,1233
1574455747728,1238
1574455747768,1242
1574455747808,1248
1574455747848,1254
1574455747889,1257
1574455747929,1263
1574455747969,1268
1574455748009,1272
1574455748050,1277
1574455748090,1281
1574455748130,1287
1574455748170,1289
1574455748211,1296
1574455748251,1298
1574455748291,1304
1574455748331,1312
1574455748372,1313
1574455748412,1319
1574455748452,1324
1574455748493,1328
1574455748533,1332
1574455748573,1338
1574455748613,1341
1574455748654,1347
1574455748694,1352
1574455748734,1356
1574455748774,1360
1574455748815,1365
1574455748855,1371
1574455748895,1375
1574455748936,1380
1574455748976,1385
1574455749016,1391
1574455749056,1397
1574455749096,1402
1574455749137,1407
1574455749177,1410
1574455749217,1418
1574455749258,1420
1574455749298,1428
1574455749338,1430
1574455749378,1437
1574455749418,1441
1574455749459,1446
1574455749499,1453
1574455749539,1458
1574455749580,1463
1574455749620,1469
1574455749660,1474
1574455749700,1480
1574455749741,1484
1574455749781,1490
1574455749821,1493
1574455749861,1500
1574455749902,1502
1574455749942,1508
1574455749982,1520
1574455750023,1518
1574455750063,1524
1574455750103,1529
1574455750143,1536
1574455750184,1540
1574455750224,1546
1574455750264,1550
1574455750304,1558
1574455750345,1560
1574455750385,1567
1574455750425,1572
1574455750465,1582
1574455750506,1584
1574455750546,1590
1574455750586,1595
1574455750627,1599
1574455750667,1606
1574455750707,1615
1574455750747,1617
1574455750788,1622
1574455750828,1626
1574455750868,1634
1574455750908,1637
1574455750949,1644
1574455750989,1647
1574455751029,1654
1574455751069,1660
1574455751110,1664
1574455751150,1670
1574455751190,1675
1574455751230,1683
1574455751271,1688
1574455751311,1693
1574455751351,1700
1574455751391,1704
1574455751432,1710
1574455751472,1714
1574455751512,1722
1574455751552,1726
1574455751593,1732
1574455751633,1737
1574455751673,1744
1574455751714,1748
1574455751754,1755
1574455751794,1762
1574455751834,1767
1574455751875,1773
1574455751915,1777
1574455751955,1785
1574455751995,1789
1574455752036,1795
1574455752076,1800
1574455752116,1807
1574455752157,1811
1574455752197,1818
1574455752237,1825
1574455752277,1830
1574455752318,1836
1574455752358,1842
1574455752398,1847
1574455752438,1855
1574455752479,1859
1574455752519,1866
1574455752559,1870
1574455752599,1878
1574455752640,1881
1574455752680,1887
1574455752720,1892
1574455752761,1898
1574455752801,1905
1574455752841,1910
1574455752881,1917
1574455752922,1922
1574455752962,1929
1574455753002,1935
1574455753042,1941
1574455753083,1947
1574455753123,1950
1574455753163,1959
1574455753203,1962
1574455753244,1968
1574455753284,1973
1574455753324,1980
1574455753365,1984
1574455753405,1991
1574455753445,1998
1574455753485,2003
1574455753526,2009
1574455753566,2013
1574455753606,2021
1574455753646,2025
1574455753687,2032
1574455753727,2036
1574455753767,2043
1574455753808,2047
1574455753848,2054
1574455753888,2060
1574455753928,2066
1574455753969,2071
1574455754009,2078
1574455754049,2083
1574455754089,2090
1574455754130,2094
1574455754170,2101
1574455754210,2105
1574455754250,2113
1574455754291,2116
1574455754331,2123
1574455754371,2129
1574455754412,2135
1574455754452,2142
1574455754492,2148
1574455754533,2154
1574455754573,2159
1574455754613,2167
1574455754653,2174
1574455754694,2178
1574455754734,2184
1574455754774,2190
1574455754815,2198
1574455754855,2203
1574455754895,2209
1574455754935,2215
1574455754976,2219
1574455755016,2228
1574455755056,2233
1574455755096,2241
1574455755137,2245
1574455755177,2252
1574455755217,2265
1574455755257,2264
1574455755298,2268
1574455755338,2277
1574455755378,2281
1574455755418,2288
1574455755459,2293
1574455755499,2300
1574455755539,2308
1574455755579,2313
1574455755620,2319
1574455755660,2326
1574455755700,2332
1574455755740,2339
1574455755781,2344
1574455755821,2352
1574455755861,2356
1574455755901,2363
1574455755942,2368
1574455755982,2380
1574455756022,2381
1574455756062,2389
1574455756103,2394
1574455756143,2401
1574455756183,2408
1574455756224,2415
1574455756264,2428
1574455756304,2426
1574455756344,2432
1574455756385,2438
1574455756425,2444
1574455756465,2452
1574455756505,2459
1574455756546,2465
1574455756586,2472
1574455756626,2478
1574455756667,2485
1574455756707,2493
1574455756747,2501
1574455756787,2507
1574455756828,2513
1574455756868,2519
1574455756908,2531
1574455756948,2536
1574455756989,2544
1574455757029,2549
1574455757069,2558
1574455757109,2564
1574455757150,2570
1574455757190,2578
1574455757230,2584
1574455757271,2591
1574455757311,2597
1574455757351,2605
1574455757391,2613
1574455757432,2619
1574455757472,2625
1574455757512,2631
1574455757552,2641
1574455757593,2644
1574455757633,2652
1574455757673,2660
1574455757713,2667
1574455757754,2673
1574455757794,2680
1574455757834,2688
1574455757874,2695
1574455757915,2701
1574455757955,2710
1574455757995,2715
1574455758035,2722
1574455758076,2727
1574455758116,2731
1574455758156,2738
1574455758196,2744
1574455758237,2752
1574455758277,2759
1574455758317,2769
1574455758357,2776
1574455758398,2784
1574455758438,2791
1574455758478,2799
1574455758518,2807
1574455758559,2814
1574455758599,2820
1574455758639,2828
1574455758680,2834
1574455758720,2844
1574455758760,2851
1574455758800,2858
1574455758841,2866
1574455758881,2873
1574455758921,2882
1574455758961,2891
1574455759002,2897
1574455759042,2908
1574455759082,2915
1574455759122,2923
1574455759163,2928
1574455759203,2939
1574455759243,2944
1574455759283,2965
1574455759324,2960
1574455759364,2969
1574455759404,2976
1574455759445,2986
1574455759485,2993
1574455759525,3002
1574455759565,3009
1574455759606,3018
1574455759646,3025
1574455759686,3034
1574455759726,3041
1574455759767,3047
1574455759807,3057
1574455759847,3064
